Jurisdiction,Facility Identifier,JURISDICTI3,AnnualCF,avgCnx,Qadj_Qall,QJur_S,QJur_US
LAGUNA BEACH,I00-11437-1,LAGUNA BEACH,2098661.8087118063,1,2098661.8087118063,2776867.075973177,NA
LAGUNA BEACH,I00-11437-1,ORANGE CO,76751.95130994794,1,76751.95130994794,29278455.81804872,NA
LAGUNA BEACH,I00-11468-1,LAGUNA BEACH,627953.3161701836,0.885,555738.6848106125,2776867.075973177,NA
LAGUNA BEACH,I00-11468-1,ORANGE CO,56333.44203744858,0.885,49855.09620314199,29278455.81804872,NA
LAGUNA BEACH,I01-11010-1,LAGUNA BEACH,124416,0.885,110108.16,2776867.075973177,NA
LAGUNA BEACH,I01-11023-1,LAGUNA BEACH,12358.422450757884,1,12358.422450757884,2776867.075973177,NA
LAGUNA BEACH,I01-11023-1,ORANGE CO,24641.649206636925,1,24641.649206636925,29278455.81804872,NA
LAGUNA WOODS,I01-11343-2 (I02P18),LAGUNA WOODS,123479.59141643492,0.5,61739.79570821746,1554221.857610405,NA
LAKE FOREST,J01-10004-1 (J01P01),LAKE FOREST,864420.3563028767,1,864420.3563028767,1590585.7791605897,NA
ALISO VIEJO,J01-9007-1 (J02P05),ALISO VIEJO,633074.7817051257,0.885,560271.1818090362,2885267.3854883257,NA
ALISO VIEJO,J01-9007-1 (J02P05),ORANGE CO,11642.020719009406,0.885,10303.188336323325,29278455.81804872,NA
LAKE FOREST,J01-9031-1,LAKE FOREST,583413.0202498804,1,583413.0202498804,1590585.7791605897,NA
ALISO VIEJO,J01-9082-2,ALISO VIEJO,1164625.2030083328,0.885,1030693.3046623744,2885267.3854883257,NA
ALISO VIEJO,J01-9082-2,ORANGE CO,25621.18591047321,0.885,22674.74953076879,29278455.81804872,NA
ALISO VIEJO,J01-9131-1 (J01P28),ALISO VIEJO,892684.7999999999,0.635,566854.848,2885267.3854883257,NA
LAGUNA NIGUEL,J01-9224-1 (J01P24),ALISO VIEJO,1218.722038617888,0.75,914.041528963416,2885267.3854883257,NA
LAGUNA NIGUEL,J01-9224-1 (J01P24),LAGUNA NIGUEL,73171.67763183264,0.75,54878.75822387448,16689765.127180735,NA
LAGUNA NIGUEL,J01-9224-2 (J01P25),ALISO VIEJO,4874.888154471552,1,4874.888154471552,2885267.3854883257,NA
LAGUNA NIGUEL,J01-9224-2 (J01P25),LAGUNA NIGUEL,292686.7105273306,1,292686.7105273306,16689765.127180735,NA
LAGUNA WOODS,J01-9273-1,LAGUNA HILLS,193538.92508676235,0.375,72577.09690753589,162613.19584202167,NA
LAGUNA WOODS,J01-9273-1,LAGUNA WOODS,3540496.33454578,0.375,1327686.1254546675,1554221.857610405,NA
LAKE FOREST,J01-9377-1,LAKE FOREST,174387.3493615142,0.25,43596.83734037855,1590585.7791605897,NA
LAKE FOREST,J01-9377-1,MISSION VIEJO,3423.848310937151,0.25,855.9620777342877,29902678.15830028,NA
ALISO VIEJO,J01-9992-1 (J01P27),ALISO VIEJO,222518.53120595615,1,222518.53120595615,2885267.3854883257,NA
ALISO VIEJO,J01-9992-1 (J01P27),ORANGE CO,652.66864898256,1,652.66864898256,29278455.81804872,NA
LAGUNA NIGUEL,J03-9221-1 (J03P02),LAGUNA NIGUEL,4116268.8000000003,0.77,3169526.9760000003,16689765.127180735,NA
ALISO VIEJO,J06-10011-1 (J06P01),ALISO VIEJO,64191.82316073409,1,64191.82316073409,2885267.3854883257,NA
ALISO VIEJO,J06-10011-1 (J06P01),LAGUNA HILLS,90036.09893448578,1,90036.09893448578,162613.19584202167,NA
ALISO VIEJO,J06-10011-1 (J06P01),LAGUNA WOODS,164795.93644752,1,164795.93644752,1554221.857610405,NA
ALISO VIEJO,J06-10011-1 (J06P01),LAKE FOREST,99155.5652674541,1,99155.5652674541,1590585.7791605897,NA
ALISO VIEJO,J06-9079-1 (J06P03),ALISO VIEJO,684958.6881366768,0.635,434948.7669667898,2885267.3854883257,NA
DANA POINT,K01-12126-1 (K01S01),DANA POINT,1649043.5017217847,1,1649043.5017217847,5056146.576943786,NA
DANA POINT,K01-12126-1 (K01S01),LAGUNA NIGUEL,4419767.737990215,1,4419767.737990215,16689765.127180735,NA
DANA POINT,K01-12159-2,DANA POINT,2048284.7999999998,1,2048284.7999999998,5056146.576943786,NA
DANA POINT,K01-12159-3,DANA POINT,848016.0000000001,1,848016.0000000001,5056146.576943786,NA
LAGUNA NIGUEL,K01-12177-1 (K01P07),LAGUNA NIGUEL,8694955.698841652,0.9233333333333333,8028342.428597124,16689765.127180735,NA
ORANGE CO,L01-340-1,ORANGE CO,289436.09334921034,0.77,222865.79187889196,29278455.81804872,NA
ORANGE CO,L01-340-1,RANCHO SANTA MARGARITA,3555.7566361401373,0.77,2737.9326098279057,6623621.46860727,NA
ORANGE CO,L01-404-1,ORANGE CO,607536.4500000001,0.77,467803.0665000001,29278455.81804872,NA
SAN JUAN CAPISTRANO,L01-724-1 (L01S01),DANA POINT,385707.0001758709,0.5,192853.50008793545,5056146.576943786,NA
SAN JUAN CAPISTRANO,L01-724-1 (L01S01),LAGUNA NIGUEL,273916.2472993525,0.5,136958.12364967624,16689765.127180735,NA
SAN JUAN CAPISTRANO,L01-724-1 (L01S01),SAN JUAN CAPISTRANO,402927.6764766552,0.5,201463.8382383276,5857766.027041091,NA
SAN JUAN CAPISTRANO,L01-724-4 (L01P03),LAGUNA NIGUEL,477727.5219414121,1,477727.5219414121,16689765.127180735,NA
SAN JUAN CAPISTRANO,L01-724-4 (L01P03),SAN JUAN CAPISTRANO,1169099.6795407326,1,1169099.6795407326,5857766.027041091,NA
DANA POINT,L01-726-5,DANA POINT,317948.7751340659,1,317948.7751340659,5056146.576943786,NA
DANA POINT,L01-726-5,SAN JUAN CAPISTRANO,21257.621507790718,1,21257.621507790718,5857766.027041091,NA
DANA POINT,L01-728-5 (L01-DP),DANA POINT,106889.1552,0,0,5056146.576943786,NA
RANCHO SANTA MARGARITA,L01-731-1 (L08TBN2),ORANGE CO,9898.989484436639,0.77,7622.221903016212,29278455.81804872,NA
RANCHO SANTA MARGARITA,L01-731-1 (L08TBN2),RANCHO SANTA MARGARITA,158840.21038900895,0.77,122306.9619995369,6623621.46860727,NA
SAN JUAN CAPISTRANO,L01-766-9,SAN JUAN CAPISTRANO,3016931.1114239995,0.635,1915751.2557542396,5857766.027041091,NA
RANCHO SANTA MARGARITA,L02-166-3 (L02P26),ORANGE CO,5596.93575594738,0.77,4309.640532079483,29278455.81804872,NA
RANCHO SANTA MARGARITA,L02-166-3 (L02P26),RANCHO SANTA MARGARITA,991102.6653902571,0.77,763149.052350498,6623621.46860727,NA
RANCHO SANTA MARGARITA,L02-246-1 (L11P01),RANCHO SANTA MARGARITA,650851.2,1,650851.2,6623621.46860727,NA
ORANGE CO,L02-374-1 (L02P50),ORANGE CO,10440692.64,0.635,6629839.826400001,29278455.81804872,NA
RANCHO SANTA MARGARITA,L02-641-1,ORANGE CO,1771.4250436392,1,1771.4250436392,29278455.81804872,NA
RANCHO SANTA MARGARITA,L02-641-1,RANCHO SANTA MARGARITA,299548.574853912,1,299548.574853912,6623621.46860727,NA
RANCHO SANTA MARGARITA,L02-641-2,ORANGE CO,28767.942708700608,0.885,25459.629297200037,29278455.81804872,NA
RANCHO SANTA MARGARITA,L02-641-2,RANCHO SANTA MARGARITA,4864668.855627531,0.885,4305231.937230365,6623621.46860727,NA
MISSION VIEJO,L03-214-2 (L03P18),MISSION VIEJO,10072589.117267119,1,10072589.117267119,29902678.15830028,NA
MISSION VIEJO,L03-214-2 (L03P18),RANCHO SANTA MARGARITA,479795.8095631303,1,479795.8095631303,6623621.46860727,NA
MISSION VIEJO,L03-316-3 (L03P12),MISSION VIEJO,8376960.281847767,1,8376960.281847767,29902678.15830028,NA
LAGUNA NIGUEL,L03-418-8,LAGUNA NIGUEL,109876.87025110077,1,109876.87025110077,16689765.127180735,NA
LAGUNA NIGUEL,L03-418-8,MISSION VIEJO,1002625.2111076597,1,1002625.2111076597,29902678.15830028,NA
MISSION VIEJO,L03-662-3 (L03P16),MISSION VIEJO,1055277.72,0.75,791458.29,29902678.15830028,NA
MISSION VIEJO,L04-266-5,MISSION VIEJO,7837275.600000001,1,7837275.600000001,29902678.15830028,NA
MISSION VIEJO,L04-672-1,MISSION VIEJO,2057529.5999999999,0.885,1820913.696,29902678.15830028,NA
ORANGE CO,L05-049-1,ORANGE CO,6459566.4,1,6459566.4,29278455.81804872,NA
ORANGE CO,L05-489-3,ORANGE CO,15273413.564915098,1,15273413.564915098,29278455.81804872,NA
SAN JUAN CAPISTRANO,L05-503-1,SAN JUAN CAPISTRANO,2550193.6319999998,1,2550193.6319999998,5857766.027041091,NA
SAN CLEMENTE,M01-042-1 (M01S01),SAN CLEMENTE,2487089.6999999997,0.9233333333333333,2296412.823,27991586.96287821,NA
SAN CLEMENTE,M01-047-1,SAN CLEMENTE,17133085.580831997,1,17133085.580831997,27991586.96287821,NA
SAN CLEMENTE,M02-032-1,SAN CLEMENTE,2370822.470496,1,2370822.470496,27991586.96287821,NA
SAN CLEMENTE,M02-085-1 (M02P06),ORANGE CO,1001.7491079345659,0.9233333333333333,924.9483429929159,29278455.81804872,NA
SAN CLEMENTE,M02-085-1 (M02P06),SAN CLEMENTE,1444773.5507764034,0.9233333333333333,1334007.5785502123,27991586.96287821,NA
SAN CLEMENTE,M02-085-2,SAN CLEMENTE,5736919.5,0.8466666666666667,4857258.51,27991586.96287821,NA
LAGUNA WOODS,I01-11343-1,LAGUNA WOODS,0,1,0,1554221.857610405,NA
LAGUNA BEACH,DP04-12015-1,LAGUNA BEACH,113945.75562177214,0,0,NA,1899568.6488852124
LAGUNA BEACH,DP04-12015-1,LAGUNA NIGUEL,58643.29739609311,0,0,NA,99629956.0207097
LAGUNA BEACH,DP04-12015-1,ORANGE CO,221.03715248788882,0,0,NA,55316727.45998856
DANA POINT,DP06-12106-1,DANA POINT,1064312.5265280001,0.385,409760.3227132801,NA,4041123.28077577
LAGUNA BEACH,I00-11453-1,LAGUNA BEACH,238071.01132800002,0.385,91657.33936128,NA,1899568.6488852124
LAGUNA BEACH,I00-11518-1,LAGUNA BEACH,1320357.6671881007,0,0,NA,1899568.6488852124
LAGUNA BEACH,I00-11518-1,ORANGE CO,45194.02867024357,0,0,NA,55316727.45998856
LAGUNA BEACH,I00-11518-2,LAGUNA BEACH,80142.94806377693,0.5,40071.474031888465,NA,1899568.6488852124
LAGUNA BEACH,I00-11518-2,ORANGE CO,2270.2103353989364,0.5,1135.1051676994682,NA,55316727.45998856
LAGUNA BEACH,I01-11023-2,LAGUNA BEACH,111.601152,1,111.601152,NA,1899568.6488852124
LAGUNA BEACH,I01-11059-1,LAGUNA BEACH,257541.11938190123,0.5,128770.55969095061,NA,1899568.6488852124
ALISO VIEJO,I01-11195-2,ALISO VIEJO,3774405.4961861335,0.77,2906292.232063323,NA,7421844.377621106
ALISO VIEJO,I01-11195-2,LAGUNA BEACH,504050.8374767096,0.77,388119.1448570664,NA,1899568.6488852124
ALISO VIEJO,I01-11195-2,LAGUNA WOODS,1308949.7732405276,0.77,1007891.3253952062,NA,2554759.0466204807
ALISO VIEJO,I01-11216-1 (I02P13),ALISO VIEJO,247914.38865136803,0.885,219404.2339564607,NA,7421844.377621106
ALISO VIEJO,I01-11216-1 (I02P13),LAGUNA WOODS,557020.160500007,0.885,492962.8420425062,NA,2554759.0466204807
ALISO VIEJO,I01-11216-2 (I02P12),ALISO VIEJO,247914.38865136803,0.5,123957.19432568402,NA,7421844.377621106
ALISO VIEJO,I01-11216-2 (I02P12),LAGUNA WOODS,557020.160500007,0.5,278510.0802500035,NA,2554759.0466204807
ALISO VIEJO,I01-11216-3,ALISO VIEJO,247914.38865136803,0.77,190894.0792615534,NA,7421844.377621106
ALISO VIEJO,I01-11216-3,LAGUNA WOODS,557020.160500007,0.77,428905.5235850054,NA,2554759.0466204807
ALISO VIEJO,I01-11216-4 (I02P14),ALISO VIEJO,247914.38865136803,0,0,NA,7421844.377621106
ALISO VIEJO,I01-11217-1,ALISO VIEJO,31145.663807999994,0,0,NA,7421844.377621106
LAGUNA BEACH,I01-11487-2,LAGUNA BEACH,103016.44810301643,0.25,25754.112025754108,NA,1899568.6488852124
ALISO VIEJO,I01-11502-1,LAGUNA BEACH,144505.47895454898,0.635,91760.9791361386,NA,1899568.6488852124
ALISO VIEJO,I01-11502-1,LAGUNA WOODS,545652.4021224559,0.635,346489.2753477594,NA,2554759.0466204807
ALISO VIEJO,I01-11503-5,LAGUNA BEACH,144505.47895454898,0.5,72252.73947727449,NA,1899568.6488852124
LAKE FOREST,J01-10004-2,LAKE FOREST,13215.436415999997,0.77,10175.886040319998,NA,6821314.153797195
ALISO VIEJO,J01-10017-1 (J01TBN4),ALISO VIEJO,892684.7999999999,0,0,NA,7421844.377621106
ALISO VIEJO,J01-10019-1 (J01P33),ALISO VIEJO,421545.60000000003,0.77,324590.1120000001,NA,7421844.377621106
LAGUNA NIGUEL,J01-10041-2 (J03P13),LAGUNA HILLS,4066.3488855495234,0.77,3131.0886418731334,NA,16673824.852583786
LAGUNA NIGUEL,J01-10041-2 (J03P13),LAGUNA NIGUEL,41957698.701059595,0.77,32307427.99981589,NA,99629956.0207097
LAGUNA NIGUEL,J01-9005-1 (J03P05),LAGUNA NIGUEL,1562198.4000000001,1,1562198.4000000001,NA,99629956.0207097
LAGUNA NIGUEL,J01-9005-3,LAGUNA HILLS,286384.2905483643,1,286384.2905483643,NA,16673824.852583786
LAGUNA NIGUEL,J01-9005-3,LAGUNA NIGUEL,20394146.852373373,1,20394146.852373373,NA,99629956.0207097
ALISO VIEJO,J01-9008-1 (J01P30),ALISO VIEJO,1264636.7999999998,0.7,885245.7599999998,NA,7421844.377621106
LAKE FOREST,J01-9040-1,LAKE FOREST,684244.9089875831,0.75,513183.68174068735,NA,6821314.153797195
LAKE FOREST,J01-9040-1,ORANGE CO,146.7718747504128,0.75,110.07890606280961,NA,55316727.45998856
LAKE FOREST,J01-9046-1,LAKE FOREST,76204.8,0.5,38102.4,NA,6821314.153797195
LAKE FOREST,J01-9046-3,LAKE FOREST,87512.830272,0.77,67384.87930944,NA,6821314.153797195
MISSION VIEJO,J01-9066-1 (J01P04),LAKE FOREST,3613.454747199359,1,3613.454747199359,NA,6821314.153797195
MISSION VIEJO,J01-9066-1 (J01P04),MISSION VIEJO,123394.54342642559,1,123394.54342642559,NA,31892100.351538483
MISSION VIEJO,J01-9066-2 (J01P03),LAKE FOREST,41264.326186261926,1,41264.326186261926,NA,6821314.153797195
MISSION VIEJO,J01-9066-2 (J01P03),MISSION VIEJO,5000953.275578515,1,5000953.275578515,NA,31892100.351538483
ALISO VIEJO,J01-9082-4,ALISO VIEJO,363945.37594010396,1,363945.37594010396,NA,7421844.377621106
ALISO VIEJO,J01-9082-4,ORANGE CO,8006.6205970228775,1,8006.6205970228775,NA,55316727.45998856
LAGUNA NIGUEL,J01-9144-1 (J01P23),ALISO VIEJO,123984,1,123984,NA,7421844.377621106
ALISO VIEJO,J01-9144-4 (J01P26),ALISO VIEJO,65479.173983999994,0,0,NA,7421844.377621106
LAKE FOREST,J01-9259-3,LAKE FOREST,105329.80399414683,0.77,81103.94907549306,NA,6821314.153797195
LAKE FOREST,J01-9264-1 (J01P06),LAKE FOREST,1777720.4383291316,1,1777720.4383291316,NA,6821314.153797195
ALISO VIEJO,J01-9313-1,ALISO VIEJO,848801.8289583201,0.77,653577.4082979064,NA,7421844.377621106
ALISO VIEJO,J01-9313-1,ORANGE CO,6687.761100890689,0.77,5149.57604768583,NA,55316727.45998856
LAKE FOREST,J01-9349-1,LAKE FOREST,25363.948752737277,1,25363.948752737277,NA,6821314.153797195
LAKE FOREST,J01-9349-1,MISSION VIEJO,37.65118121856,1,37.65118121856,NA,31892100.351538483
LAKE FOREST,J01-9782-1 (J01TBN3),LAKE FOREST,42418.18697363636,0,0,NA,6821314.153797195
LAKE FOREST,J01-9782-1 (J01TBN3),MISSION VIEJO,51053.860677359815,0,0,NA,31892100.351538483
LAKE FOREST,J01-9785-1,LAKE FOREST,4230674.836416,1,4230674.836416,NA,6821314.153797195
LAGUNA NIGUEL,J03-9215-1,LAGUNA NIGUEL,490391.1124267824,1,490391.1124267824,NA,99629956.0207097
LAGUNA NIGUEL,J03-9215-3,LAGUNA NIGUEL,843091.2000000001,1,843091.2000000001,NA,99629956.0207097
LAGUNA NIGUEL,J03-9216-1 (J03P01),LAGUNA NIGUEL,619920,0.5,309960,NA,99629956.0207097
LAGUNA NIGUEL,J03-9216-2,LAGUNA NIGUEL,16910932.78635419,0.9233333333333333,15614427.939400371,NA,99629956.0207097
LAGUNA NIGUEL,J03-9216-2,SAN JUAN CAPISTRANO,25281.606532597634,0.9233333333333333,23343.35003176515,NA,17426169.430142604
LAGUNA NIGUEL,J03-9216-5,LAGUNA NIGUEL,490391.1124267824,1,490391.1124267824,NA,99629956.0207097
LAGUNA NIGUEL,J03-9234-5,LAGUNA NIGUEL,215429.39107199997,0.885,190655.01109871996,NA,99629956.0207097
LAGUNA NIGUEL,J03-9234-6,LAGUNA NIGUEL,960088.3546853288,1,960088.3546853288,NA,99629956.0207097
LAGUNA NIGUEL,J03-9234-6,SAN JUAN CAPISTRANO,6986.843467557407,1,6986.843467557407,NA,17426169.430142604
LAGUNA NIGUEL,J03-9234-8,LAGUNA NIGUEL,2012421.796487954,1,2012421.796487954,NA,99629956.0207097
LAGUNA NIGUEL,J03-9234-8,SAN JUAN CAPISTRANO,5141.691083519272,1,5141.691083519272,NA,17426169.430142604
LAGUNA NIGUEL,J03-9368-1 (J03TBN1),LAGUNA NIGUEL,73429.4513329776,0.885,64985.06442968517,NA,99629956.0207097
LAGUNA NIGUEL,J03-9368-1 (J03TBN1),SAN JUAN CAPISTRANO,960.9487525713599,0.885,850.4396460256535,NA,17426169.430142604
LAGUNA NIGUEL,J03-9368-2 (J03TBN2),LAGUNA NIGUEL,49593.600000000006,1,49593.600000000006,NA,99629956.0207097
LAGUNA NIGUEL,J04-9249-1,ALISO VIEJO,1629953.9817760747,1,1629953.9817760747,NA,7421844.377621106
LAGUNA NIGUEL,J04-9249-1,LAGUNA HILLS,14513370.72291995,1,14513370.72291995,NA,16673824.852583786
LAGUNA NIGUEL,J04-9249-1,LAGUNA NIGUEL,4059353.067586216,1,4059353.067586216,NA,99629956.0207097
MISSION VIEJO,J07-9022-1,MISSION VIEJO,30227.904000000006,1,30227.904000000006,NA,31892100.351538483
MISSION VIEJO,J07-9022-6,MISSION VIEJO,46744.78636800001,0.885,41369.13593568,NA,31892100.351538483
MISSION VIEJO,J07-9109-1,LAKE FOREST,11150.547416274703,0.77,8585.921510531522,NA,6821314.153797195
MISSION VIEJO,J07-9109-1,MISSION VIEJO,141878.59760772524,0.77,109246.52015794844,NA,31892100.351538483
MISSION VIEJO,J07-9109-2,LAKE FOREST,19206.630381212693,0.885,16997.86788737323,NA,6821314.153797195
MISSION VIEJO,J07-9109-2,MISSION VIEJO,982642.6374647048,0.885,869638.7341562638,NA,31892100.351538483
MISSION VIEJO,J07-9109-4 (J07P02),LAKE FOREST,8421.502717869693,0.8333333333333334,7017.918931558078,NA,6821314.153797195
MISSION VIEJO,J07-9109-4 (J07P02),MISSION VIEJO,652020.0976849996,0.8333333333333334,543350.0814041663,NA,31892100.351538483
MISSION VIEJO,J07-9110-1,LAKE FOREST,161.8764551454718,0.77,124.64487046201327,NA,6821314.153797195
MISSION VIEJO,J07-9110-1,MISSION VIEJO,82478.41881395021,0.77,63508.382486741655,NA,31892100.351538483
MISSION VIEJO,J07-9110-2,MISSION VIEJO,25401.600000000002,0.5,12700.800000000001,NA,31892100.351538483
LAGUNA NIGUEL,K01-12032-2 (K01P11),LAGUNA NIGUEL,4633902,1,4633902,NA,99629956.0207097
LAGUNA NIGUEL,K01-12036-1,LAGUNA NIGUEL,2567588.0999999996,1,2567588.0999999996,NA,99629956.0207097
LAGUNA NIGUEL,K01-12036-10,LAGUNA NIGUEL,278220.1957242315,1,278220.1957242315,NA,99629956.0207097
LAGUNA NIGUEL,K01-12036-5,LAGUNA NIGUEL,1668334.2151748997,1,1668334.2151748997,NA,99629956.0207097
LAGUNA NIGUEL,K01-12058-1 (K01P08),LAGUNA NIGUEL,2157796.6941383393,0.77,1661503.4544865214,NA,99629956.0207097
LAGUNA NIGUEL,K01-12058-1 (K01P08),SAN JUAN CAPISTRANO,49118.50338991546,0.77,37821.24761023491,NA,17426169.430142604
LAGUNA NIGUEL,K01-12058-2 (K01P09),LAGUNA NIGUEL,2087761.6280753242,0.77,1607576.4536179998,NA,99629956.0207097
LAGUNA NIGUEL,K01-12058-2 (K01P09),SAN JUAN CAPISTRANO,63965.81535088518,0.77,49253.67782018159,NA,17426169.430142604
LAGUNA NIGUEL,K01-12062-1,LAGUNA NIGUEL,2028069.2819293418,0.5,1014034.6409646709,NA,99629956.0207097
LAGUNA NIGUEL,K01-12062-1,SAN JUAN CAPISTRANO,73132.9458325841,0.5,36566.47291629205,NA,17426169.430142604
LAGUNA NIGUEL,K01-12138-1 (K01TBN1),LAGUNA NIGUEL,98026.87721908736,1,98026.87721908736,NA,99629956.0207097
LAGUNA NIGUEL,K01-12155-1,LAGUNA NIGUEL,1721.4,0.885,1523.4389999999999,NA,99629956.0207097
LAGUNA NIGUEL,K01-12155-5,LAGUNA NIGUEL,312715.2,0.77,240790.70400000003,NA,99629956.0207097
LAGUNA NIGUEL,K01-12156-1,LAGUNA NIGUEL,516021.30994037725,0.77,397336.4086540905,NA,99629956.0207097
LAGUNA NIGUEL,K01-12156-6,LAGUNA NIGUEL,3157228.8,1,3157228.8,NA,99629956.0207097
RANCHO SANTA MARGARITA,L01-125-1,ORANGE CO,7113392.103577319,0.77,5477311.919754536,NA,55316727.45998856
RANCHO SANTA MARGARITA,L01-125-1,RANCHO SANTA MARGARITA,34468767.946321264,0.77,26540951.318667375,NA,33350804.219124522
RANCHO SANTA MARGARITA,L01-125-2,ORANGE CO,181420.58146547744,0.77,139693.84772841763,NA,55316727.45998856
RANCHO SANTA MARGARITA,L01-125-2,RANCHO SANTA MARGARITA,167869.56008949157,0.77,129259.56126890851,NA,33350804.219124522
RANCHO SANTA MARGARITA,L01-125-3,ORANGE CO,6056.382482361663,0.77,4663.414511418481,NA,55316727.45998856
RANCHO SANTA MARGARITA,L01-125-3,RANCHO SANTA MARGARITA,562804.2083914912,0.77,433359.24046144827,NA,33350804.219124522
RANCHO SANTA MARGARITA,L01-218-1,ORANGE CO,67441.76906603793,0.77,51930.162180849205,NA,55316727.45998856
RANCHO SANTA MARGARITA,L01-218-1,RANCHO SANTA MARGARITA,87079.20239362145,0.77,67050.98584308852,NA,33350804.219124522
RANCHO SANTA MARGARITA,L01-218-2,RANCHO SANTA MARGARITA,333904.7448,0.77,257106.65349599998,NA,33350804.219124522
RANCHO SANTA MARGARITA,L01-218-3,RANCHO SANTA MARGARITA,87079.20239362145,0.885,77065.09411835499,NA,33350804.219124522
RANCHO SANTA MARGARITA,L01-218-4,RANCHO SANTA MARGARITA,1650944.814912,0.635,1048349.9574691199,NA,33350804.219124522
RANCHO SANTA MARGARITA,L01-223-1 (L08TBN1),ORANGE CO,18593.839170502844,0.77,14317.25616128719,NA,55316727.45998856
RANCHO SANTA MARGARITA,L01-223-1 (L08TBN1),RANCHO SANTA MARGARITA,415306.96157146746,0.77,319786.36041002994,NA,33350804.219124522
ORANGE CO,L01-242-1 (L07P16),ORANGE CO,77451.05144648417,0.59,45696.12035342566,NA,55316727.45998856
ORANGE CO,L01-242-1 (L07P16),RANCHO SANTA MARGARITA,264.398565950307,0.59,155.99515391068113,NA,33350804.219124522
ORANGE CO,L01-261-1,ORANGE CO,24069.752567061114,1,24069.752567061114,NA,55316727.45998856
ORANGE CO,L01-261-1,RANCHO SANTA MARGARITA,35.847432215712,1,35.847432215712,NA,33350804.219124522
ORANGE CO,L01-303-1,ORANGE CO,67441.76906603793,0.635,42825.52335693408,NA,55316727.45998856
ORANGE CO,L01-303-2,ORANGE CO,1164300.48,0.635,739330.8047999999,NA,55316727.45998856
ORANGE CO,L01-303-3,ORANGE CO,67441.76906603793,0.77,51930.162180849205,NA,55316727.45998856
ORANGE CO,L01-303-5,ORANGE CO,184154.39125782406,1,184154.39125782406,NA,55316727.45998856
ORANGE CO,L01-303-5,RANCHO SANTA MARGARITA,146.90198464686944,1,146.90198464686944,NA,33350804.219124522
ORANGE CO,L01-335-1,ORANGE CO,308294.9319027567,0.77,237387.09756512265,NA,55316727.45998856
ORANGE CO,L01-335-1,RANCHO SANTA MARGARITA,78026.83745724322,0.77,60080.66484207728,NA,33350804.219124522
ORANGE CO,L01-335-2,ORANGE CO,46190.091199331524,0.77,35566.370223485275,NA,55316727.45998856
ORANGE CO,L01-335-2,RANCHO SANTA MARGARITA,122549.10880066847,0.77,94362.81377651473,NA,33350804.219124522
ORANGE CO,L01-372-1,ORANGE CO,346527.6217188649,0.885,306676.9452211954,NA,55316727.45998856
ORANGE CO,L01-391-3,ORANGE CO,78343.2,0.59,46222.488,NA,55316727.45998856
ORANGE CO,L01-399-2,ORANGE CO,16632.864,0.77,12807.305280000002,NA,55316727.45998856
ORANGE CO,L01-404-2,ORANGE CO,2711879.9999999995,0.77,2088147.5999999996,NA,55316727.45998856
ORANGE CO,L01-414-1,ORANGE CO,67441.76906603793,0.77,51930.162180849205,NA,55316727.45998856
ORANGE CO,L01-414-3,ORANGE CO,3859406.602099406,0.885,3415574.842857974,NA,55316727.45998856
ORANGE CO,L01-458-1,ORANGE CO,9368.058239999998,0.385,3606.7024223999997,NA,55316727.45998856
ORANGE CO,L01-471-1,ORANGE CO,133389.23184,0.77,102709.7085168,NA,55316727.45998856
ORANGE CO,L01-494-1,ORANGE CO,1181692.8,0.77,909903.456,NA,55316727.45998856
ORANGE CO,L01-514-1,ORANGE CO,50284.8,0.77,38719.296,NA,55316727.45998856
ORANGE CO,L01-517-3,ORANGE CO,25074.92496606136,0.77,19307.69222386725,NA,55316727.45998856
ORANGE CO,L01-517-3,SAN JUAN CAPISTRANO,3792.573015051885,0.77,2920.281221589951,NA,17426169.430142604
ORANGE CO,L01-517-6,ORANGE CO,279281.7792,0.77,215046.96998399997,NA,55316727.45998856
SAN JUAN CAPISTRANO,L01-602-2,SAN JUAN CAPISTRANO,131514.27372400573,0.5,65757.13686200287,NA,17426169.430142604
SAN JUAN CAPISTRANO,L01-618-1,SAN JUAN CAPISTRANO,100569.6,0.75,75427.20000000001,NA,17426169.430142604
SAN JUAN CAPISTRANO,L01-618-2,SAN JUAN CAPISTRANO,131514.27372400573,1,131514.27372400573,NA,17426169.430142604
SAN JUAN CAPISTRANO,L01-618-5 (L01S09),SAN JUAN CAPISTRANO,1503515.5200000003,1,1503515.5200000003,NA,17426169.430142604
DANA POINT,L01-727-1 (L01S04),DANA POINT,1105599.5505520673,0,0,NA,4041123.28077577
DANA POINT,L01-727-1 (L01S04),LAGUNA NIGUEL,86586.37521527609,0,0,NA,99629956.0207097
DANA POINT,L01-728-2,DANA POINT,8227.842706278425,0.5,4113.921353139212,NA,4041123.28077577
DANA POINT,L01-728-3 (L01S02),DANA POINT,74058.27427538221,1,74058.27427538221,NA,4041123.28077577
DANA POINT,L01-728-3 (L01S02),SAN CLEMENTE,1727.2525514696497,1,1727.2525514696497,NA,23066632.703704353
DANA POINT,L01-728-3 (L01S02),SAN JUAN CAPISTRANO,773100.0289367477,1,773100.0289367477,NA,17426169.430142604
DANA POINT,L01-728-4,DANA POINT,126028.22400000002,0.77,97041.73248,NA,4041123.28077577
RANCHO SANTA MARGARITA,L01-730-1,ORANGE CO,49905.54335723326,0.77,38427.26838506961,NA,55316727.45998856
RANCHO SANTA MARGARITA,L01-730-1,RANCHO SANTA MARGARITA,339386.6383291915,0.77,261327.71151347746,NA,33350804.219124522
ORANGE CO,L01-733-2,ORANGE CO,1878204.7725838274,0.635,1192660.0305907305,NA,55316727.45998856
ORANGE CO,L01-733-2,RANCHO SANTA MARGARITA,16744.1572460717,0.635,10632.53985125553,NA,33350804.219124522
ORANGE CO,L01-733-7,ORANGE CO,658700.2217876278,1,658700.2217876278,NA,55316727.45998856
ORANGE CO,L01-733-7,RANCHO SANTA MARGARITA,1582.89681935814,1,1582.89681935814,NA,33350804.219124522
SAN JUAN CAPISTRANO,L01-747-1,SAN JUAN CAPISTRANO,780671.5199999999,0.77,601117.0704,NA,17426169.430142604
SAN JUAN CAPISTRANO,L01-747-2,ORANGE CO,38124.22337227212,0.885,33739.93768446083,NA,55316727.45998856
SAN JUAN CAPISTRANO,L01-747-2,SAN JUAN CAPISTRANO,174318.99005347787,0.885,154272.30619732794,NA,17426169.430142604
SAN JUAN CAPISTRANO,L01-749-2d,SAN JUAN CAPISTRANO,1418254.624512,0.885,1255155.3426931202,NA,17426169.430142604
SAN JUAN CAPISTRANO,L01-749-5,ORANGE CO,25517.708063103688,0.885,22583.171635846764,NA,55316727.45998856
SAN JUAN CAPISTRANO,L01-749-5,SAN JUAN CAPISTRANO,119912.72198489628,0.885,106122.75895663322,NA,17426169.430142604
ORANGE CO,L01-760-1,ORANGE CO,473729.9877108001,0.77,364772.0905373161,NA,55316727.45998856
ORANGE CO,L01-760-2,ORANGE CO,538400.25,0.77,414568.1925,NA,55316727.45998856
SAN JUAN CAPISTRANO,L01-766-2 (L01S06),SAN JUAN CAPISTRANO,1774555.4726753884,1,1774555.4726753884,NA,17426169.430142604
SAN JUAN CAPISTRANO,L01-766-3,SAN JUAN CAPISTRANO,3530526.230303999,0.5,1765263.1151519995,NA,17426169.430142604
SAN JUAN CAPISTRANO,L01-766-4,SAN JUAN CAPISTRANO,1617967.7475839998,1,1617967.7475839998,NA,17426169.430142604
SAN JUAN CAPISTRANO,L01-766-7,SAN JUAN CAPISTRANO,4562.5913279999995,0.5,2281.2956639999998,NA,17426169.430142604
RANCHO SANTA MARGARITA,L02-166-1 (L02PXX),MISSION VIEJO,38080.14767665966,0.77,29321.71371102794,NA,31892100.351538483
RANCHO SANTA MARGARITA,L02-166-1 (L02PXX),RANCHO SANTA MARGARITA,659102.9807512839,0.77,507509.2951784887,NA,33350804.219124522
RANCHO SANTA MARGARITA,L02-166-2 (L02P25),MISSION VIEJO,306644.36908214015,0.8275,253748.21541547097,NA,31892100.351538483
RANCHO SANTA MARGARITA,L02-166-2 (L02P25),RANCHO SANTA MARGARITA,609368.4301850495,0.8275,504252.3759781285,NA,33350804.219124522
RANCHO SANTA MARGARITA,L02-198-1 (L02P29),RANCHO SANTA MARGARITA,46069.296912,0.385,17736.679311120002,NA,33350804.219124522
RANCHO SANTA MARGARITA,L02-204-1 (L02P45),RANCHO SANTA MARGARITA,120528,0.77,92806.56000000001,NA,33350804.219124522
ORANGE CO,L02-344-2,ORANGE CO,7109158.152307278,0.885,6291604.9647919405,NA,55316727.45998856
ORANGE CO,L02-344-2,RANCHO SANTA MARGARITA,44424.18281179504,0.885,39315.40178843861,NA,33350804.219124522
ORANGE CO,L02-359-1 (L02P43),MISSION VIEJO,172345.70072022793,0.77,132706.1895545755,NA,31892100.351538483
ORANGE CO,L02-359-1 (L02P43),ORANGE CO,1524.0055802946395,0.77,1173.4842968268724,NA,55316727.45998856
MISSION VIEJO,L02-366-1 (MVL02P14),MISSION VIEJO,672190.3446106531,0.77,517586.5653502029,NA,31892100.351538483
MISSION VIEJO,L02-366-1 (MVL02P14),ORANGE CO,327.14011123154546,0.77,251.89788564829001,NA,55316727.45998856
MISSION VIEJO,L02-396-1,MISSION VIEJO,291194.98731342045,1,291194.98731342045,NA,31892100.351538483
MISSION VIEJO,L02-396-1,ORANGE CO,2118.1745550103656,1,2118.1745550103656,NA,55316727.45998856
ORANGE CO,L02-401-2 (COL02P55),ORANGE CO,69375.58323280604,0.77,53419.19908926065,NA,55316727.45998856
SAN JUAN CAPISTRANO,L02-502-1,MISSION VIEJO,8580.599602486629,0.77,6607.061693914705,NA,31892100.351538483
SAN JUAN CAPISTRANO,L02-502-1,ORANGE CO,104158.13645488139,0.77,80201.76507025867,NA,55316727.45998856
SAN JUAN CAPISTRANO,L02-502-1,SAN JUAN CAPISTRANO,300531.1801461958,0.77,231409.0087125708,NA,17426169.430142604
SAN JUAN CAPISTRANO,L02-502-6,SAN JUAN CAPISTRANO,129706.51738415685,0.77,99874.01838580078,NA,17426169.430142604
SAN JUAN CAPISTRANO,L02-541-6,SAN JUAN CAPISTRANO,112763.66399999999,1,112763.66399999999,NA,17426169.430142604
SAN JUAN CAPISTRANO,L02-541-9 (L02P02),SAN JUAN CAPISTRANO,843836.5200959999,0.5,421918.26004799997,NA,17426169.430142604
SAN JUAN CAPISTRANO,L02-571-3,SAN JUAN CAPISTRANO,626818.511664,0.75,470113.88374799996,NA,17426169.430142604
SAN JUAN CAPISTRANO,L02-571-5 (L02TBN2),LAGUNA NIGUEL,2858186.3860667837,0.5,1429093.1930333918,NA,99629956.0207097
SAN JUAN CAPISTRANO,L02-571-5 (L02TBN2),SAN JUAN CAPISTRANO,8215171.080997987,0.5,4107585.5404989934,NA,17426169.430142604
RANCHO SANTA MARGARITA,L02-622-2 (L02P32),ORANGE CO,156914.1011907404,0.77,120823.85791687011,NA,55316727.45998856
RANCHO SANTA MARGARITA,L02-622-2 (L02P32),RANCHO SANTA MARGARITA,1774989.3442436352,0.77,1366741.795067599,NA,33350804.219124522
RANCHO SANTA MARGARITA,L02-640-1 (L11P02),RANCHO SANTA MARGARITA,1653995.7,0.77,1273576.689,NA,33350804.219124522
MISSION VIEJO,L03-074-1 (L03B01),MISSION VIEJO,3458059.0325847007,1,3458059.0325847007,NA,31892100.351538483
MISSION VIEJO,L03-074-2,MISSION VIEJO,1299923.958816,1,1299923.958816,NA,31892100.351538483
MISSION VIEJO,L03-141-1,MISSION VIEJO,293738.9513609749,1,293738.9513609749,NA,31892100.351538483
MISSION VIEJO,L03-141-1,RANCHO SANTA MARGARITA,209365.00863902512,1,209365.00863902512,NA,33350804.219124522
MISSION VIEJO,L03-141-2,MISSION VIEJO,97568.38022399998,1,97568.38022399998,NA,31892100.351538483
MISSION VIEJO,L03-141-3,MISSION VIEJO,207079.15679999997,1,207079.15679999997,NA,31892100.351538483
RANCHO SANTA MARGARITA,L03-142-1 (L03P24),ORANGE CO,301744.2034566103,0.77,232343.03666158998,NA,55316727.45998856
RANCHO SANTA MARGARITA,L03-142-1 (L03P24),RANCHO SANTA MARGARITA,541.4652863442158,0.77,416.92827048504614,NA,33350804.219124522
MISSION VIEJO,L03-172-2,MISSION VIEJO,516192.61780799984,1,516192.61780799984,NA,31892100.351538483
MISSION VIEJO,L03-172-3,MISSION VIEJO,235149.22983660895,0.885,208107.06840539892,NA,31892100.351538483
MISSION VIEJO,L03-240-1 (L03P14),MISSION VIEJO,527555.9591045453,0.75,395666.96932840894,NA,31892100.351538483
MISSION VIEJO,L03-240-1 (L03P14),RANCHO SANTA MARGARITA,5877.641172840192,0.75,4408.230879630144,NA,33350804.219124522
MISSION VIEJO,L03-241-3,MISSION VIEJO,6334377.734202056,1,6334377.734202056,NA,31892100.351538483
MISSION VIEJO,L03-241-3,RANCHO SANTA MARGARITA,33420.71190382429,1,33420.71190382429,NA,33350804.219124522
MISSION VIEJO,L03-241-4,MISSION VIEJO,77678.600832,1,77678.600832,NA,31892100.351538483
MISSION VIEJO,L03-316-1,MISSION VIEJO,50803.200000000004,1,50803.200000000004,NA,31892100.351538483
MISSION VIEJO,L03-316-2,MISSION VIEJO,63504,1,63504,NA,31892100.351538483
MISSION VIEJO,L03-316-4,MISSION VIEJO,20585.583648,0.635,13071.845616479999,NA,31892100.351538483
LAGUNA NIGUEL,L03-418-1,LAGUNA NIGUEL,6788.94706654416,1,6788.94706654416,NA,99629956.0207097
LAGUNA NIGUEL,L03-418-1,MISSION VIEJO,117195.0524238816,1,117195.0524238816,NA,31892100.351538483
LAGUNA NIGUEL,L03-418-2,LAGUNA NIGUEL,208927.67011199996,0.5,104463.83505599998,NA,99629956.0207097
LAGUNA NIGUEL,L03-418-3,LAGUNA NIGUEL,12353.269824,0.5,6176.634912,NA,99629956.0207097
SAN JUAN CAPISTRANO,L03-455-2,SAN JUAN CAPISTRANO,49593.600000000006,1,49593.600000000006,NA,17426169.430142604
LAGUNA NIGUEL,L03-455-5,LAGUNA NIGUEL,539603.542550839,1,539603.542550839,NA,99629956.0207097
LAGUNA NIGUEL,L03-455-5,SAN JUAN CAPISTRANO,70556.64090398552,1,70556.64090398552,NA,17426169.430142604
LAGUNA NIGUEL,L03-455-7,LAGUNA NIGUEL,595766.9019255997,1,595766.9019255997,NA,99629956.0207097
LAGUNA NIGUEL,L03-455-7,SAN JUAN CAPISTRANO,97332.17044535649,1,97332.17044535649,NA,17426169.430142604
MISSION VIEJO,L03-662-1,MISSION VIEJO,76204.8,1,76204.8,NA,31892100.351538483
MISSION VIEJO,L03-691-1 (L03P09),MISSION VIEJO,4877836.6397619415,0.77,3755934.212616695,NA,31892100.351538483
MISSION VIEJO,L03-691-1 (L03P09),ORANGE CO,13823.559748892883,0.77,10644.14100664752,NA,55316727.45998856
MISSION VIEJO,L03-693-1 (L03P11),MISSION VIEJO,475750.79999999993,1,475750.79999999993,NA,31892100.351538483
LAGUNA NIGUEL,L03-708-1,LAGUNA HILLS,970.7406033351533,0.77,747.470264568068,NA,16673824.852583786
LAGUNA NIGUEL,L03-708-1,LAGUNA NIGUEL,310033.94284573843,0.77,238726.1359912186,NA,99629956.0207097
LAGUNA NIGUEL,L03-708-11 (L03P05),LAGUNA HILLS,539129.2064815641,1,539129.2064815641,NA,16673824.852583786
LAGUNA NIGUEL,L03-708-11 (L03P05),LAGUNA NIGUEL,6400.394353096127,1,6400.394353096127,NA,99629956.0207097
LAGUNA NIGUEL,L03-708-13,MISSION VIEJO,320292,1,320292,NA,31892100.351538483
LAGUNA NIGUEL,L03-708-9,LAGUNA HILLS,989790.1637922995,1,989790.1637922995,NA,16673824.852583786
LAGUNA NIGUEL,L03-708-9,LAGUNA NIGUEL,27739.63624840153,1,27739.63624840153,NA,99629956.0207097
MISSION VIEJO,L04-136-1 (L04P07),MISSION VIEJO,6320904.678143999,0.885,5594000.640157439,NA,31892100.351538483
MISSION VIEJO,L04-136-1 (L04P07),MISSION VIEJO,6320904.678143999,0.885,5594000.640157439,NA,31892100.351538483
MISSION VIEJO,L04-266-1,MISSION VIEJO,39435.984039435985,1,39435.984039435985,NA,31892100.351538483
MISSION VIEJO,L04-301-1 (L04P08),MISSION VIEJO,612887.7726720001,0.77,471923.58495744003,NA,31892100.351538483
MISSION VIEJO,L04-702-1 (L04P02),LAGUNA HILLS,341271.90993516665,1,341271.90993516665,NA,16673824.852583786
ORANGE CO,L05-489-3d,ORANGE CO,23794296.867936004,1,23794296.867936004,NA,55316727.45998856
ORANGE CO,L05-489-4,ORANGE CO,8212700.159999997,0.635,5215064.601599998,NA,55316727.45998856
ORANGE CO,L05-489-7,ORANGE CO,776134.9332887027,1,776134.9332887027,NA,55316727.45998856
LAGUNA BEACH,LC01-11446-1,LAGUNA BEACH,176813.769874646,0.25,44203.4424686615,NA,1899568.6488852124
LAGUNA BEACH,LC01-11446-1,ORANGE CO,250448.9065638313,0.25,62612.22664095782,NA,55316727.45998856
ORANGE CO,LC01-11480-1,LAGUNA BEACH,144505.47895454898,0.5,72252.73947727449,NA,1899568.6488852124
ORANGE CO,LC01-11480-1,ORANGE CO,69617.31000365205,0.5,34808.655001826024,NA,55316727.45998856
LAGUNA BEACH,LC02-11508-2,LAGUNA BEACH,118423.02434595842,0,0,NA,1899568.6488852124
LAGUNA BEACH,LC02-11508-2,ORANGE CO,5992.97565777408,0,0,NA,55316727.45998856
LAGUNA BEACH,LC03-11515-1,LAGUNA BEACH,681150.1986500198,0.385,262242.8264802576,NA,1899568.6488852124
LAGUNA BEACH,LC03-11515-1,ORANGE CO,15579.401349980159,0.385,5998.069519742361,NA,55316727.45998856
LAGUNA BEACH,LC04-11199-1,LAGUNA BEACH,466089.23682938877,1,466089.23682938877,NA,1899568.6488852124
LAGUNA BEACH,LC04-11199-1,ORANGE CO,31574.76316563456,1,31574.76316563456,NA,55316727.45998856
LAGUNA BEACH,LC05-11017-2,LAGUNA BEACH,149299.19999999998,0,0,NA,1899568.6488852124
LAGUNA BEACH,LC06-11019-1,LAGUNA BEACH,89206.8537592627,0.8333333333333334,74339.04479938558,NA,1899568.6488852124
LAGUNA BEACH,LC06-11019-1,ORANGE CO,9686.045729968127,0.8333333333333334,8071.70477497344,NA,55316727.45998856
LAGUNA BEACH,LC06-11509-2,LAGUNA BEACH,141943.40909789182,1,141943.40909789182,NA,1899568.6488852124
LAGUNA BEACH,LC06-11509-2,ORANGE CO,82005.39300722687,1,82005.39300722687,NA,55316727.45998856
SAN CLEMENTE,M00.1-071-2 (M00S04),SAN CLEMENTE,150854.4001508544,0.5,75427.2000754272,NA,23066632.703704353
SAN CLEMENTE,M00.1-071-3 (M00S04),SAN CLEMENTE,368842.50590148,0.68,250812.90401300642,NA,23066632.703704353
SAN CLEMENTE,M00.2-066-1 (M00S07),SAN CLEMENTE,140643.94789368747,0.5,70321.97394684373,NA,23066632.703704353
SAN CLEMENTE,M01-038-3,SAN CLEMENTE,100569.6,0.885,89004.09600000002,NA,23066632.703704353
SAN CLEMENTE,M01-038-6,SAN CLEMENTE,237151.0080854949,0.77,182606.27622583107,NA,23066632.703704353
SAN CLEMENTE,M01-038-6,SAN JUAN CAPISTRANO,2098.790405720123,0.77,1616.0686124044948,NA,17426169.430142604
SAN CLEMENTE,M01-050-4,SAN CLEMENTE,930123.0513404999,1,930123.0513404999,NA,23066632.703704353
DANA POINT,M01-060-3,DANA POINT,7143.726803955304,0.8466666666666667,6048.355360682157,NA,4041123.28077577
DANA POINT,M01-060-3,ORANGE CO,1667344.541147491,0.8466666666666667,1411685.044838209,NA,55316727.45998856
DANA POINT,M01-060-3,SAN CLEMENTE,8254079.610092698,0.8466666666666667,6988454.069878484,NA,23066632.703704353
DANA POINT,M01-060-3,SAN JUAN CAPISTRANO,2077214.6068777267,0.8466666666666667,1758708.3671564753,NA,17426169.430142604
SAN CLEMENTE,M01-099-1,SAN CLEMENTE,1369281.377808,1,1369281.377808,NA,23066632.703704353
SAN CLEMENTE,M01-124-2,SAN CLEMENTE,100569.6,1,100569.6,NA,23066632.703704353
SAN CLEMENTE,M01-124-4,SAN CLEMENTE,62304.603213578404,0.25,15576.150803394601,NA,23066632.703704353
SAN CLEMENTE,M01-124-4,SAN JUAN CAPISTRANO,551.39678516448,0.25,137.84919629112,NA,17426169.430142604
DANA POINT,M01-168-2d (M00P03),DANA POINT,286974.7053264451,0.77,220970.52310136275,NA,4041123.28077577
DANA POINT,M01-168-2d (M00P03),SAN CLEMENTE,401114.7995098139,0.77,308858.3956225567,NA,23066632.703704353
SAN CLEMENTE,M02-013-1,SAN CLEMENTE,401114.7995098139,0.77,308858.3956225567,NA,23066632.703704353
SAN CLEMENTE,M02-015-1,SAN CLEMENTE,296732.7,0.885,262608.43950000004,NA,23066632.703704353
SAN CLEMENTE,M02-028-2 (M02P08),ORANGE CO,816.7537764013194,0.75,612.5653323009896,NA,55316727.45998856
SAN CLEMENTE,M02-028-2 (M02P08),SAN CLEMENTE,698890.4553666426,0.75,524167.8415249819,NA,23066632.703704353
SAN CLEMENTE,M02-052-3,SAN CLEMENTE,3658312.319999999,1,3658312.319999999,NA,23066632.703704353
SAN CLEMENTE,M02-052-4,SAN CLEMENTE,725000.9664959998,1,725000.9664959998,NA,23066632.703704353
SAN CLEMENTE,M02-061-4 (SCBS@M02),SAN CLEMENTE,879660.92016,1,879660.92016,NA,23066632.703704353
SAN CLEMENTE,M02-061-6,SAN CLEMENTE,25142.4,1,25142.4,NA,23066632.703704353
SAN CLEMENTE,M02-086-1,SAN CLEMENTE,6436.202975999999,0.77,4955.876291519999,NA,23066632.703704353
SAN CLEMENTE,M02-102-1,ORANGE CO,29316.733855086328,0.77,22573.88506841647,NA,55316727.45998856
SAN CLEMENTE,M02-102-1,SAN CLEMENTE,734006.5302136125,0.77,565185.0282644816,NA,23066632.703704353
SAN CLEMENTE,SC01-077-1,SAN CLEMENTE,1182977.57664,0.77,910892.7340128,NA,23066632.703704353
SAN CLEMENTE,SC01-077-2,SAN CLEMENTE,351993.6,1,351993.6,NA,23066632.703704353
SAN CLEMENTE,SC02-072-4,SAN CLEMENTE,401114.7995098139,0.77,308858.3956225567,NA,23066632.703704353
SAN CLEMENTE,SC05-073-3,SAN CLEMENTE,52617.26044800001,0,0,NA,23066632.703704353
SAN CLEMENTE,SC06-146-1 (M00P02),SAN CLEMENTE,687580.7817419039,0.5,343790.39087095193,NA,23066632.703704353
SAN CLEMENTE,SC06-146-2 (M00P02),SAN CLEMENTE,1091239.599285883,0.5,545619.7996429414,NA,23066632.703704353
SAN CLEMENTE,SC07-079-4,SAN CLEMENTE,235225.00310400003,0,0,NA,23066632.703704353
SAN CLEMENTE,SC09-081-2d,SAN CLEMENTE,1057827.257856,0,0,NA,23066632.703704353
DANA POINT,SC10-075-1d (M00P05),DANA POINT,167116.52437688655,1,167116.52437688655,NA,4041123.28077577
DANA POINT,SC10-075-1d (M00P05),SAN CLEMENTE,6114.485905916491,1,6114.485905916491,NA,23066632.703704353
DANA POINT,SC10-075-3 (M00S01),DANA POINT,3122681.928076587,0.77,2404465.084618972,NA,4041123.28077577
DANA POINT,SC10-075-3 (M00S01),SAN CLEMENTE,3122690.2319234116,0.77,2404471.478581027,NA,23066632.703704353
DANA POINT,SC11-026-1 (M00P01),DANA POINT,876731.3899947535,0.75,657548.5424960651,NA,4041123.28077577
DANA POINT,SC11-026-1 (M00P01),SAN CLEMENTE,409837.29434728704,0.75,307377.97076046525,NA,23066632.703704353
DANA POINT,SC11-026-1 (M00P01),SAN JUAN CAPISTRANO,20836.114389777027,0.75,15627.085792332771,NA,17426169.430142604
SAN CLEMENTE,SC12-068-2,SAN CLEMENTE,526953.2759999998,0,0,NA,23066632.703704353
SAN CLEMENTE,SM01-086-1 (M03P01),ORANGE CO,70342.49031619009,0.77,54163.717543466366,NA,55316727.45998856
SAN CLEMENTE,SM01-086-1 (M03P01),SAN CLEMENTE,401114.7995098139,0.77,308858.3956225567,NA,23066632.703704353
SAN CLEMENTE,SM01-086-2,ORANGE CO,32678.215362633713,0.77,25162.22582922796,NA,55316727.45998856
SAN CLEMENTE,SM01-086-2,SAN CLEMENTE,314286.90462348773,0.77,242000.91656008552,NA,23066632.703704353
DANA POINT,DP01-12022-1,DANA POINT,0,0,0,NA,4041123.28077577
DANA POINT,DP01-12022-2,DANA POINT,0,0,0,NA,4041123.28077577
LAGUNA BEACH,I01-11015-2,LAGUNA BEACH,0,0.385,0,NA,1899568.6488852124
LAGUNA BEACH,I01-11015-2,ORANGE CO,0,0.385,0,NA,55316727.45998856
LAGUNA BEACH,I01-11015-3,LAGUNA BEACH,0,0.385,0,NA,1899568.6488852124
LAGUNA BEACH,I01-11015-3,ORANGE CO,0,0.385,0,NA,55316727.45998856
LAGUNA BEACH,I01-11023-3,LAGUNA BEACH,0,0,0,NA,1899568.6488852124
LAGUNA BEACH,I01-11023-3,ORANGE CO,0,0,0,NA,55316727.45998856
LAGUNA BEACH,I01-11023-4,LAGUNA BEACH,0,0,0,NA,1899568.6488852124
LAGUNA BEACH,I01-11023-5,LAGUNA BEACH,0,0.385,0,NA,1899568.6488852124
LAGUNA BEACH,I01-11023-5,ORANGE CO,0,0.385,0,NA,55316727.45998856
LAGUNA BEACH,I01-11059-2,LAGUNA BEACH,0,0.385,0,NA,1899568.6488852124
LAGUNA BEACH,I01-11059-3,LAGUNA BEACH,0,0.385,0,NA,1899568.6488852124
LAGUNA BEACH,I01-11065-1,LAGUNA BEACH,0,0,0,NA,1899568.6488852124
LAGUNA BEACH,I01-11077-1,LAGUNA BEACH,0,0,0,NA,1899568.6488852124
LAGUNA BEACH,I01-11077-1,ORANGE CO,0,0,0,NA,55316727.45998856
LAGUNA BEACH,I01-11077-2,LAGUNA BEACH,0,0,0,NA,1899568.6488852124
LAGUNA BEACH,I01-11077-2,ORANGE CO,0,0,0,NA,55316727.45998856
LAGUNA BEACH,I01-11093-1,LAGUNA BEACH,0,0,0,NA,1899568.6488852124
LAGUNA BEACH,I01-11093-1,ORANGE CO,0,0,0,NA,55316727.45998856
LAGUNA BEACH,I01-11093-2,LAGUNA BEACH,0,0,0,NA,1899568.6488852124
LAGUNA BEACH,I01-11093-2,ORANGE CO,0,0,0,NA,55316727.45998856
LAGUNA BEACH,I01-11487-1,ALISO VIEJO,0,0,0,NA,7421844.377621106
LAGUNA BEACH,I01-11487-1,LAGUNA BEACH,0,0,0,NA,1899568.6488852124
LAGUNA BEACH,I01-11487-1,LAGUNA WOODS,0,0,0,NA,2554759.0466204807
LAGUNA BEACH,I01-11487-1,ORANGE CO,0,0,0,NA,55316727.45998856
ALISO VIEJO,I01-11503-3,ALISO VIEJO,0,0.5,0,NA,7421844.377621106
LAKE FOREST,J01-10006-1,LAKE FOREST,0,0.25,0,NA,6821314.153797195
MISSION VIEJO,J01-10012-3,MISSION VIEJO,0,0.77,0,NA,31892100.351538483
MISSION VIEJO,J01-10012-3,ORANGE CO,0,0.77,0,NA,55316727.45998856
MISSION VIEJO,J01-10012-3,RANCHO SANTA MARGARITA,0,0.77,0,NA,33350804.219124522
LAKE FOREST,J01-9033-1,LAKE FOREST,0,0.385,0,NA,6821314.153797195
LAKE FOREST,J01-9033-1,ORANGE CO,0,0.385,0,NA,55316727.45998856
LAKE FOREST,J01-9046-2,LAKE FOREST,0,0.375,0,NA,6821314.153797195
LAKE FOREST,J01-9046-2,MISSION VIEJO,0,0.375,0,NA,31892100.351538483
ALISO VIEJO,J01-9082-3,ALISO VIEJO,0,0.77,0,NA,7421844.377621106
ALISO VIEJO,J01-9082-3,ORANGE CO,0,0.77,0,NA,55316727.45998856
LAKE FOREST,J01-9275-1,LAKE FOREST,0,0.385,0,NA,6821314.153797195
LAKE FOREST,J01-9275-1,MISSION VIEJO,0,0.385,0,NA,31892100.351538483
LAKE FOREST,J01-9275-2,LAKE FOREST,0,0,0,NA,6821314.153797195
LAKE FOREST,J01-9275-2,MISSION VIEJO,0,0,0,NA,31892100.351538483
ORANGE CO,J01-9364-3 (J01P21),ALISO VIEJO,0,1,0,NA,7421844.377621106
ORANGE CO,J01-9364-3 (J01P21),LAGUNA NIGUEL,0,1,0,NA,99629956.0207097
ORANGE CO,J01-9364-3 (J01P21),ORANGE CO,0,1,0,NA,55316727.45998856
ORANGE CO,J01-9364-4,ALISO VIEJO,0,0.77,0,NA,7421844.377621106
ORANGE CO,J01-9364-4,ORANGE CO,0,0.77,0,NA,55316727.45998856
LAKE FOREST,J01-9377-2 (J01TBN8),LAKE FOREST,0,0,0,NA,6821314.153797195
LAKE FOREST,J01-9377-2 (J01TBN8),MISSION VIEJO,0,0,0,NA,31892100.351538483
LAGUNA HILLS,J05-9255-1 (J05P01),LAGUNA HILLS,0,0.77,0,NA,16673824.852583786
LAGUNA HILLS,J05-9271-6,LAGUNA HILLS,0,0.385,0,NA,16673824.852583786
LAGUNA HILLS,J05-9800-2,LAGUNA HILLS,0,0.75,0,NA,16673824.852583786
MISSION VIEJO,J07-9110-3,MISSION VIEJO,0,0.885,0,NA,31892100.351538483
LAGUNA NIGUEL,K01-12156-3,LAGUNA NIGUEL,0,0.77,0,NA,99629956.0207097
ORANGE CO,L01-303-4,ORANGE CO,0,0.885,0,NA,55316727.45998856
ORANGE CO,L01-303-4,RANCHO SANTA MARGARITA,0,0.885,0,NA,33350804.219124522
ORANGE CO,L01-391-1,ORANGE CO,0,0.75,0,NA,55316727.45998856
ORANGE CO,L01-399-1,ORANGE CO,0,0.77,0,NA,55316727.45998856
ORANGE CO,L01-414-2,ORANGE CO,0,0.77,0,NA,55316727.45998856
SAN JUAN CAPISTRANO,L01-517-1,ORANGE CO,0,0.385,0,NA,55316727.45998856
SAN JUAN CAPISTRANO,L01-517-1,SAN JUAN CAPISTRANO,0,0.385,0,NA,17426169.430142604
SAN JUAN CAPISTRANO,L01-517-2,ORANGE CO,0,0.77,0,NA,55316727.45998856
SAN JUAN CAPISTRANO,L01-517-2,SAN JUAN CAPISTRANO,0,0.77,0,NA,17426169.430142604
ORANGE CO,L01-517-7,ORANGE CO,0,0.77,0,NA,55316727.45998856
SAN JUAN CAPISTRANO,L01-517-8,ORANGE CO,0,0.385,0,NA,55316727.45998856
SAN JUAN CAPISTRANO,L01-517-8,SAN JUAN CAPISTRANO,0,0.385,0,NA,17426169.430142604
SAN JUAN CAPISTRANO,L01-556-1,SAN JUAN CAPISTRANO,0,0,0,NA,17426169.430142604
SAN JUAN CAPISTRANO,L01-601-1,SAN JUAN CAPISTRANO,0,0.5,0,NA,17426169.430142604
SAN JUAN CAPISTRANO,L01-618-3,SAN JUAN CAPISTRANO,0,0.77,0,NA,17426169.430142604
SAN JUAN CAPISTRANO,L01-618-4,SAN JUAN CAPISTRANO,0,0.77,0,NA,17426169.430142604
SAN JUAN CAPISTRANO,L01-724-2,SAN JUAN CAPISTRANO,0,0.77,0,NA,17426169.430142604
DANA POINT,L01-726-2,DANA POINT,0,0.5,0,NA,4041123.28077577
DANA POINT,L01-726-3,SAN JUAN CAPISTRANO,0,0.5,0,NA,17426169.430142604
DANA POINT,L01-726-6,DANA POINT,0,0.5,0,NA,4041123.28077577
DANA POINT,L01-726-6,SAN JUAN CAPISTRANO,0,0.5,0,NA,17426169.430142604
DANA POINT,L01-726-7,SAN JUAN CAPISTRANO,0,1,0,NA,17426169.430142604
SAN JUAN CAPISTRANO,L01-726-8,SAN JUAN CAPISTRANO,0,0.5,0,NA,17426169.430142604
SAN JUAN CAPISTRANO,L01-726-9,SAN JUAN CAPISTRANO,0,0.5,0,NA,17426169.430142604
DANA POINT,L01-727-2,DANA POINT,0,0,0,NA,4041123.28077577
DANA POINT,L01-727-3,DANA POINT,0,0.25,0,NA,4041123.28077577
DANA POINT,L01-728-6,DANA POINT,0,0,0,NA,4041123.28077577
DANA POINT,L01-728-8d,DANA POINT,0,0.385,0,NA,4041123.28077577
DANA POINT,L01-728-9,DANA POINT,0,0,0,NA,4041123.28077577
ORANGE CO,L01-733-4,ORANGE CO,0,0.385,0,NA,55316727.45998856
ORANGE CO,L01-733-5,ORANGE CO,0,0.885,0,NA,55316727.45998856
SAN JUAN CAPISTRANO,L01-748-1,SAN JUAN CAPISTRANO,0,0.5,0,NA,17426169.430142604
SAN JUAN CAPISTRANO,L01-748-2,SAN JUAN CAPISTRANO,0,0.885,0,NA,17426169.430142604
SAN JUAN CAPISTRANO,L01-749-3,SAN JUAN CAPISTRANO,0,0.385,0,NA,17426169.430142604
SAN JUAN CAPISTRANO,L01-766-5,SAN JUAN CAPISTRANO,0,1,0,NA,17426169.430142604
SAN JUAN CAPISTRANO,L01-766-8,SAN JUAN CAPISTRANO,0,0.5,0,NA,17426169.430142604
ORANGE CO,L02-344-1,ORANGE CO,0,0.385,0,NA,55316727.45998856
ORANGE CO,L02-344-1,RANCHO SANTA MARGARITA,0,0.385,0,NA,33350804.219124522
ORANGE CO,L02-374-2 (MVL02P20),MISSION VIEJO,0,0.77,0,NA,31892100.351538483
ORANGE CO,L02-401-1,MISSION VIEJO,0,1,0,NA,31892100.351538483
ORANGE CO,L02-401-1,ORANGE CO,0,1,0,NA,55316727.45998856
SAN JUAN CAPISTRANO,L02-502-5,SAN JUAN CAPISTRANO,0,0.77,0,NA,17426169.430142604
SAN JUAN CAPISTRANO,L02-541-2,SAN JUAN CAPISTRANO,0,0.5,0,NA,17426169.430142604
SAN JUAN CAPISTRANO,L02-541-7,SAN JUAN CAPISTRANO,0,0.5,0,NA,17426169.430142604
SAN JUAN CAPISTRANO,L02-571-1,SAN JUAN CAPISTRANO,0,0.5,0,NA,17426169.430142604
RANCHO SANTA MARGARITA,L02-622-1 (L02P28),RANCHO SANTA MARGARITA,0,0.77,0,NA,33350804.219124522
SAN JUAN CAPISTRANO,L03-455-3 (L03P37),LAGUNA NIGUEL,0,0,0,NA,99629956.0207097
SAN JUAN CAPISTRANO,L03-455-3 (L03P37),MISSION VIEJO,0,0,0,NA,31892100.351538483
SAN JUAN CAPISTRANO,L03-455-3 (L03P37),SAN JUAN CAPISTRANO,0,0,0,NA,17426169.430142604
LAGUNA NIGUEL,L03-455-6,LAGUNA NIGUEL,0,0,0,NA,99629956.0207097
LAGUNA NIGUEL,L03-455-6,MISSION VIEJO,0,0,0,NA,31892100.351538483
LAGUNA NIGUEL,L03-455-6,SAN JUAN CAPISTRANO,0,0,0,NA,17426169.430142604
SAN JUAN CAPISTRANO,L03-497-1,LAGUNA NIGUEL,0,0.77,0,NA,99629956.0207097
SAN JUAN CAPISTRANO,L03-497-1,SAN JUAN CAPISTRANO,0,0.77,0,NA,17426169.430142604
LAGUNA NIGUEL,L03-708-5,LAGUNA NIGUEL,0,0,0,NA,99629956.0207097
LAGUNA NIGUEL,L03-708-5,MISSION VIEJO,0,0,0,NA,31892100.351538483
MISSION VIEJO,L04-702-4,LAGUNA HILLS,0,0,0,NA,16673824.852583786
MISSION VIEJO,L04-702-4,MISSION VIEJO,0,0,0,NA,31892100.351538483
LAGUNA BEACH,LC02-11508-3,LAGUNA BEACH,0,0.385,0,NA,1899568.6488852124
LAGUNA BEACH,LC02-11508-3,ORANGE CO,0,0.385,0,NA,55316727.45998856
LAGUNA BEACH,LC05-11017-1,LAGUNA BEACH,0,0,0,NA,1899568.6488852124
SAN CLEMENTE,M00.1-070-4,SAN CLEMENTE,0,0.77,0,NA,23066632.703704353
SAN CLEMENTE,M00.1-070-6,SAN CLEMENTE,0,0.77,0,NA,23066632.703704353
ORANGE CO,M01-002-1,ORANGE CO,0,0.77,0,NA,55316727.45998856
ORANGE CO,M01-003-1,ORANGE CO,0,0.77,0,NA,55316727.45998856
ORANGE CO,M01-003-1,SAN JUAN CAPISTRANO,0,0.77,0,NA,17426169.430142604
ORANGE CO,M01-003-2,ORANGE CO,0,0.77,0,NA,55316727.45998856
ORANGE CO,M01-003-2,SAN JUAN CAPISTRANO,0,0.77,0,NA,17426169.430142604
SAN CLEMENTE,M01-050-7,SAN CLEMENTE,0,0.5,0,NA,23066632.703704353
DANA POINT,M01-168-1d (M00P03),DANA POINT,0,0.77,0,NA,4041123.28077577
SAN CLEMENTE,M02-061-5,SAN CLEMENTE,0,0.385,0,NA,23066632.703704353
SAN CLEMENTE,SC03-067-1,SAN CLEMENTE,0,0,0,NA,23066632.703704353
SAN CLEMENTE,SC05-073-1,SAN CLEMENTE,0,0,0,NA,23066632.703704353
SAN CLEMENTE,SC07-079-5,SAN CLEMENTE,0,0.59,0,NA,23066632.703704353
DANA POINT,SC11-035-1d,DANA POINT,0,0.385,0,NA,4041123.28077577
DANA POINT,SC11-035-2d,DANA POINT,0,0.385,0,NA,4041123.28077577
DANA POINT,SC11-035-3d,DANA POINT,0,0.385,0,NA,4041123.28077577
DANA POINT,SC11-130-2,DANA POINT,0,0.385,0,NA,4041123.28077577
SAN CLEMENTE,SC12-068-4,SAN CLEMENTE,0,0.385,0,NA,23066632.703704353
