FACILITYID,JURISDICTI,Acres,AREA,PERCENTAGE,area_acres,Jurisdiction,JURISDICTI3,acres_juris_soc,PERCENT_o
DP04-12015-1,LAGUNA BEACH,118.0997707,117.9627752,65.93698008,178.90214373,LAGUNA BEACH,LAGUNA BEACH,5632.041056,2.096926665230616
DP04-12015-1,LAGUNA NIGUEL,60.7117124,60.71069578,33.93511159,178.90214373,LAGUNA BEACH,LAGUNA NIGUEL,9463.773977,0.6415169312744461
DP04-12015-1,ORANGE CO,0.22883035,0.22882955,0.127907549,178.90214373,LAGUNA BEACH,ORANGE CO,94761.16102,2.4148115909186017e-4
DP06-12106-1,DANA POINT,66.55078859,66.54534452,100,66.54528569,DANA POINT,DANA POINT,4071.560352,1.6345278673643986
I00-11437-1,LAGUNA BEACH,584.5185296,583.8404889,96.47184583,605.19208238,LAGUNA BEACH,LAGUNA BEACH,5632.041056,10.378449371871907
I00-11437-1,ORANGE CO,21.35220326,21.35212857,3.528154171,605.19208238,LAGUNA BEACH,ORANGE CO,94761.16102,0.022532652650270366
I00-11453-1,LAGUNA BEACH,342.487129,342.0898444,100,342.08954194,LAGUNA BEACH,LAGUNA BEACH,5632.041056,6.081048159887562
I00-11468-1,LAGUNA BEACH,205.1889505,204.9509316,91.76756832,223.33679991,LAGUNA BEACH,LAGUNA BEACH,5632.041056,3.6432431592700376
I00-11468-1,ORANGE CO,18.38613081,18.3860665,8.232432026,223.33679991,LAGUNA BEACH,ORANGE CO,94761.16102,0.019402601880447075
I00-11518-1,LAGUNA BEACH,624.5335654,623.8091072,96.690419790000007,645.16066542,LAGUNA BEACH,LAGUNA BEACH,5632.041056,11.08893843617606
I00-11518-1,ORANGE CO,21.35220326,21.35212857,3.309580209,645.16066542,LAGUNA BEACH,ORANGE CO,94761.16102,0.022532652650270366
I01-11010-1,LAGUNA BEACH,12.16319583,12.14908654,100,12.1490758,LAGUNA BEACH,LAGUNA BEACH,5632.041056,0.21596426071933805
I01-11015-2,LAGUNA BEACH,24.11137886,24.08340969,9.814813201,245.37795985,LAGUNA BEACH,LAGUNA BEACH,5632.041056,0.42811085040499386
I01-11015-2,ORANGE CO,229.2178401,221.2947674,90.18518695,245.37795985,LAGUNA BEACH,ORANGE CO,94761.16102,0.24189007145197597
I01-11023-1,LAGUNA BEACH,1.417887999,1.41624325,33.40107474,4.24010907,LAGUNA BEACH,LAGUNA BEACH,5632.041056,0.025175384641230144
I01-11023-1,ORANGE CO,2.924972976,2.823869268,66.59891828,4.24010907,LAGUNA BEACH,ORANGE CO,94761.16102,0.0030866791251984173
I01-11023-2,LAGUNA BEACH,16.83509957,16.81557088,100,16.81555601,LAGUNA BEACH,LAGUNA BEACH,5632.041056,0.29891649230903616
I01-11023-3,LAGUNA BEACH,0.732428491,0.731578875,2.021964214,36.18156164,LAGUNA BEACH,LAGUNA BEACH,5632.041056,0.013004672439660567
I01-11023-3,ORANGE CO,36.719240310000004,35.45001446,97.97803498,36.18156164,LAGUNA BEACH,ORANGE CO,94761.16102,0.038749251185567636
I01-11023-4,LAGUNA BEACH,6.447827182,6.44034771,99.99999471,6.44034236,LAGUNA BEACH,LAGUNA BEACH,5632.041056,0.11448473329452945
I01-11023-5,LAGUNA BEACH,1.053108911,1.051887306,8.451122386,12.44670623,LAGUNA BEACH,LAGUNA BEACH,5632.041056,0.018698530435570748
I01-11023-5,ORANGE CO,11.80280145,11.39482948,91.54887409,12.44670623,LAGUNA BEACH,ORANGE CO,94761.16102,0.01245531536650225
I01-11059-1,LAGUNA BEACH,282.771915,282.4438999,99.99999976,282.44365092,LAGUNA BEACH,LAGUNA BEACH,5632.041056,5.020771549574443
I01-11059-2,LAGUNA BEACH,9.298575541,9.287789205,100,9.28778099,LAGUNA BEACH,LAGUNA BEACH,5632.041056,0.165101345117041
I01-11077-1,LAGUNA BEACH,109.1753484,109.0487051,92.37171423,118.05411389,LAGUNA BEACH,LAGUNA BEACH,5632.041056,1.9384686175838846
I01-11077-1,ORANGE CO,9.327939735,9.005513067,7.628285715,118.05411389,LAGUNA BEACH,ORANGE CO,94761.16102,0.009843631752286438
I01-11093-1,LAGUNA BEACH,13.25437584,13.23900078,15.10734659,87.63278849,LAGUNA BEACH,LAGUNA BEACH,5632.041056,0.2353387645475289
I01-11093-1,ORANGE CO,77.05740772,74.3938653,84.89265355,87.63278849,LAGUNA BEACH,ORANGE CO,94761.16102,0.08131750064115033
I01-11093-2,LAGUNA BEACH,3.180440929,3.176751622,1.070402039,296.78090067,LAGUNA BEACH,LAGUNA BEACH,5632.041056,0.05647048551984136
I01-11093-2,ORANGE CO,304.1164046,293.6044114,98.92959796,296.78090067,LAGUNA BEACH,ORANGE CO,94761.16102,0.3209293779503336
I01-11343-1,LAGUNA WOODS,77.39360002,33.34083637,100,33.3408069,LAGUNA WOODS,LAGUNA WOODS,756.0075789,10.237146052505002
I01-11343-2 (I02P18),LAGUNA WOODS,107.3524162,46.24696799,98.79491313,46.81104081,LAGUNA WOODS,LAGUNA WOODS,756.0075789,14.199912698785248
I01-11487-1,ALISO VIEJO,543.7338457,528.5544551,9.42798961,5606.22157779,LAGUNA BEACH,ALISO VIEJO,4298.475849,12.649456802845465
I01-11487-1,IRVINE,12281.72099,27.31992357,0.487313943,5606.22157779,LAGUNA BEACH,IRVINE,NA,NA
I01-11487-1,LAGUNA BEACH,1611.895459,1610.025662,28.71852666,5606.22157779,LAGUNA BEACH,LAGUNA BEACH,5632.041056,28.620094260193547
I01-11487-1,LAGUNA WOODS,534.7197383,230.3550073,4.108913651,5606.22157779,LAGUNA BEACH,LAGUNA WOODS,756.0075789,70.72941505137072
I01-11487-1,NEWPORT BEACH,891.2760213,5.779558064,0.103091768,5606.22157779,LAGUNA BEACH,NEWPORT BEACH,NA,NA
I01-11487-1,ORANGE CO,3280.467663,3169.981671,56.5439454,5606.22157779,LAGUNA BEACH,ORANGE CO,94761.16102,3.461827216645894
I01-11487-2,LAGUNA BEACH,134.8813118,134.7248497,100.0000001,134.7247304,LAGUNA BEACH,LAGUNA BEACH,5632.041056,2.3948921973199475
J01-10004-1 (J01P01),LAKE FOREST,1506.373175,466.5905351,97.22901103,479.88775953,LAKE FOREST,LAKE FOREST,3303.943395,45.59318955886652
J01-10004-2,LAKE FOREST,37.97389578,11.76219854,100,11.76218814,LAKE FOREST,LAKE FOREST,3303.943395,1.1493506770566206
J01-10006-1,LAKE FOREST,74.91051418,23.2031063,100,23.20308578,LAKE FOREST,LAKE FOREST,3303.943395,2.2673062224178935
J01-10012-3,MISSION VIEJO,5.986544433,5.986516204,19.22071006,31.14614857,MISSION VIEJO,MISSION VIEJO,11525.93439,0.05193977538336482
J01-10012-3,ORANGE CO,32.12662443,18.90289392,60.69089784,31.14614857,MISSION VIEJO,ORANGE CO,94761.16102,0.033902734078173076
J01-10012-3,RANCHO SANTA MARGARITA,6.25676584,6.256766146,20.08839263,31.14614857,MISSION VIEJO,RANCHO SANTA MARGARITA,8280.210526,0.07556288358072116
J01-10017-1 (J01TBN4),ALISO VIEJO,17.92293631,17.42258259,100,17.42256719,ALISO VIEJO,ALISO VIEJO,4298.475849,0.41696026544314774
J01-10019-1 (J01P33),ALISO VIEJO,75.03384406,72.93912799,100,72.93906351,ALISO VIEJO,ALISO VIEJO,4298.475849,1.7455918492005933
J01-10041-2 (J03P13),LAGUNA HILLS,0.044153567,0.036310178,0.009690605,374.69432682,LAGUNA NIGUEL,LAGUNA HILLS,3498.38696,0.0012621121535394701
J01-10041-2 (J03P13),LAGUNA NIGUEL,374.6646232,374.6583494,99.9903098,374.69432682,LAGUNA NIGUEL,LAGUNA NIGUEL,9463.773977,3.9589346080174246
J01-9005-1 (J03P05),LAGUNA NIGUEL,127.7926944,127.7905545,100,127.79044152,LAGUNA NIGUEL,LAGUNA NIGUEL,9463.773977,1.350335444512698
J01-9005-3,LAGUNA HILLS,3.399706881,2.7957869,1.384801424,201.89063791,LAGUNA NIGUEL,LAGUNA HILLS,3498.38696,0.0971792691852476
J01-9005-3,LAGUNA NIGUEL,199.0983629,199.0950289,98.6151983,201.89063791,LAGUNA NIGUEL,LAGUNA NIGUEL,9463.773977,2.1037945684657386
J01-9007-1 (J02P05),ALISO VIEJO,147.0895875,142.9832949,98.19424307,145.61257767,ALISO VIEJO,ALISO VIEJO,4298.475849,3.4219009869328216
J01-9007-1 (J02P05),ORANGE CO,2.629421282,2.629412085,1.805757306,145.61257767,ALISO VIEJO,ORANGE CO,94761.16102,0.002774787954998823
J01-9008-1 (J01P30),ALISO VIEJO,217.6483557,211.5722774,100,211.57209037,ALISO VIEJO,ALISO VIEJO,4298.475849,5.063384402883962
J01-9031-1,LAKE FOREST,885.5128015,274.2825608,91.74566749,298.95942316,LAKE FOREST,LAKE FOREST,3303.943395,26.801694085924254
J01-9033-1,LAKE FOREST,3.650391863,1.130688146,2.750781729,41.10421176,LAKE FOREST,LAKE FOREST,3303.943395,0.1104859080977082
J01-9033-1,ORANGE CO,67.9375126,39.97356139,97.24922177,41.10421176,LAKE FOREST,ORANGE CO,94761.16102,0.07169341518057311
J01-9040-1,LAKE FOREST,471.6644063,146.0953709,99.97855453,146.1265793,LAKE FOREST,LAKE FOREST,3303.943395,14.275801668206245
J01-9040-1,ORANGE CO,0.053260413,0.031337744,0.021445596,146.1265793,LAKE FOREST,ORANGE CO,94761.16102,5.620489705561862e-5
J01-9046-1,LAKE FOREST,212.177672,65.72082879,100,65.72077069,LAKE FOREST,LAKE FOREST,3303.943395,6.421952395464693
J01-9046-2,LAKE FOREST,148.7657188,46.07933644,99.38641043,46.36377902,LAKE FOREST,LAKE FOREST,3303.943395,4.5026715356302285
J01-9046-2,MISSION VIEJO,0.284485412,0.284484071,0.613590663,46.36377902,LAKE FOREST,MISSION VIEJO,11525.93439,0.002468219949671256
J01-9046-3,LAKE FOREST,50.13144774,15.52793121,100,15.52791748,LAKE FOREST,LAKE FOREST,3303.943395,1.517321628931842
J01-9066-1 (J01P04),LAKE FOREST,7.543042247,2.336414493,2.845060742,82.12170635,MISSION VIEJO,LAKE FOREST,3303.943395,0.22830422150740265
J01-9066-1 (J01P04),MISSION VIEJO,79.7857395,79.78536327,97.15493782,82.12170635,MISSION VIEJO,MISSION VIEJO,11525.93439,0.6922279513340177
J01-9066-2 (J01P03),LAKE FOREST,11.10607353,3.440043196,0.818376545,420.34930926,MISSION VIEJO,LAKE FOREST,3303.943395,0.3361459989540771
J01-9066-2 (J01P03),MISSION VIEJO,416.9116038,416.9096378,99.18162349,420.34930926,MISSION VIEJO,MISSION VIEJO,11525.93439,3.617161001382379
J01-9082-2,ALISO VIEJO,125.4804575,121.9774259,97.84740395,124.66076066,ALISO VIEJO,ALISO VIEJO,4298.475849,2.9191848903650777
J01-9082-2,ORANGE CO,2.683453208,2.683443822,2.152595119,124.66076066,ALISO VIEJO,ORANGE CO,94761.16102,0.002831807017891685
J01-9082-3,ALISO VIEJO,125.4804575,121.9774259,97.84740395,124.66076066,ALISO VIEJO,ALISO VIEJO,4298.475849,2.9191848903650777
J01-9082-3,ORANGE CO,2.683453208,2.683443822,2.152595119,124.66076066,ALISO VIEJO,ORANGE CO,94761.16102,0.002831807017891685
J01-9082-4,ALISO VIEJO,125.4804575,121.9774259,97.84740395,124.66076066,ALISO VIEJO,ALISO VIEJO,4298.475849,2.9191848903650777
J01-9082-4,ORANGE CO,2.683453208,2.683443822,2.152595119,124.66076066,ALISO VIEJO,ORANGE CO,94761.16102,0.002831807017891685
J01-9131-1 (J01P28),ALISO VIEJO,294.6109612,286.3863217,100,286.38606854,ALISO VIEJO,ALISO VIEJO,4298.475849,6.85384707392362
J01-9144-1 (J01P23),ALISO VIEJO,180.4972394,175.458307,100,175.4581519,LAGUNA NIGUEL,ALISO VIEJO,4298.475849,4.19909860472965
J01-9144-4 (J01P26),ALISO VIEJO,199.0499998,193.493131,100,193.49295991,ALISO VIEJO,ALISO VIEJO,4298.475849,4.630711135583257
J01-9224-1 (J01P24),ALISO VIEJO,3.749306117,3.644636926,1.638278647,222.46726525,LAGUNA NIGUEL,ALISO VIEJO,4298.475849,0.08722408241219363
J01-9224-1 (J01P24),LAGUNA NIGUEL,218.8264883,218.822824,98.36172091,222.46726525,LAGUNA NIGUEL,LAGUNA NIGUEL,9463.773977,2.312253957372803
J01-9224-2 (J01P25),ALISO VIEJO,3.749306117,3.644636926,1.638278647,222.46726525,LAGUNA NIGUEL,ALISO VIEJO,4298.475849,0.08722408241219363
J01-9224-2 (J01P25),LAGUNA NIGUEL,218.8264883,218.822824,98.36172091,222.46726525,LAGUNA NIGUEL,LAGUNA NIGUEL,9463.773977,2.312253957372803
J01-9259-3,LAKE FOREST,454.3888664,140.7443706,99.99231896,140.75505759,LAKE FOREST,LAKE FOREST,3303.943395,13.752925279762549
J01-9264-1 (J01P06),LAKE FOREST,2024.364351,627.0353599,92.08498047,680.93059513,LAKE FOREST,LAKE FOREST,3303.943395,61.27115718942273
J01-9273-1,LAGUNA HILLS,1.934269084,1.590667771,5.183103927,30.68945533,LAGUNA WOODS,LAGUNA HILLS,3498.38696,0.055290312538782166
J01-9273-1,LAGUNA WOODS,67.54665774,29.09881518,94.81689767,30.68945533,LAGUNA WOODS,LAGUNA WOODS,756.0075789,8.934653517400076
J01-9275-1,LAKE FOREST,87.17708866,27.00260807,99.64416058,27.09901317,LAKE FOREST,LAKE FOREST,3303.943395,2.638576943900699
J01-9275-1,MISSION VIEJO,0.096430085,0.09642963,0.355841536,27.09901317,LAKE FOREST,MISSION VIEJO,11525.93439,8.366357271967777e-4
J01-9275-2,LAKE FOREST,131.0980254,40.60686876,95.02628824,42.7322098,LAKE FOREST,LAKE FOREST,3303.943395,3.9679258911758692
J01-9275-2,MISSION VIEJO,2.125388846,2.1253788240000002,4.973711762,42.7322098,LAKE FOREST,MISSION VIEJO,11525.93439,0.018440056780507145
J01-9313-1,ALISO VIEJO,140.2172729,136.3028343,99.21825221,137.37665275,ALISO VIEJO,ALISO VIEJO,4298.475849,3.262023047834972
J01-9313-1,ORANGE CO,1.073942056,1.073938299,0.781746628,137.37665275,ALISO VIEJO,ORANGE CO,94761.16102,0.0011333145820926962
J01-9349-1,LAKE FOREST,224.7127195,69.60348856,99.85177608,69.7067491,LAKE FOREST,LAKE FOREST,3303.943395,6.8013489528927
J01-9349-1,MISSION VIEJO,0.103322473,0.103321986,0.14822366,69.7067491,LAKE FOREST,MISSION VIEJO,11525.93439,8.964346794273222e-4
J01-9364-3 (J01P21),ALISO VIEJO,172.3457747,167.5344063,99.79799461,167.87337148,ORANGE CO,ALISO VIEJO,4298.475849,4.009462440974156
J01-9364-3 (J01P21),LAGUNA NIGUEL,0.338490288,0.33848462,0.20163074,167.87337148,ORANGE CO,LAGUNA NIGUEL,9463.773977,0.003576694549369413
J01-9364-3 (J01P21),ORANGE CO,6.29123e-4,6.2912e-4,3.74759e-4,167.87337148,ORANGE CO,ORANGE CO,94761.16102,6.639038538871629e-7
J01-9364-4,ALISO VIEJO,43.02203244,41.82098851,98.79141639,42.33257611,ORANGE CO,ALISO VIEJO,4298.475849,1.000867143408719
J01-9364-4,ORANGE CO,0.511626536,0.511624746,1.208582942,42.33257611,ORANGE CO,ORANGE CO,94761.16102,5.399116373131157e-4
J01-9377-1,LAKE FOREST,109.0691746,33.78355736,98.07444602,34.4468196,LAKE FOREST,LAKE FOREST,3303.943395,3.3011816959412528
J01-9377-1,MISSION VIEJO,0.663295369,0.663292241,1.925552671,34.4468196,LAKE FOREST,MISSION VIEJO,11525.93439,0.005754807780057127
J01-9377-2 (J01TBN8),LAKE FOREST,214.1390631,66.32835854,67.39420978,98.41839547,LAKE FOREST,LAKE FOREST,3303.943395,6.481317549933388
J01-9377-2 (J01TBN8),MISSION VIEJO,32.09027528,32.09012396,32.60579025,98.41839547,LAKE FOREST,MISSION VIEJO,11525.93439,0.2784179936668892
J01-9782-1 (J01TBN3),LAKE FOREST,45.13515458,13.98035778,45.38061266,30.80686795,LAKE FOREST,LAKE FOREST,3303.943395,1.366099511520233
J01-9782-1 (J01TBN3),MISSION VIEJO,16.82661742,16.82653807,54.6193895,30.80686795,LAKE FOREST,MISSION VIEJO,11525.93439,0.14598918274772515
J01-9785-1,LAKE FOREST,68.62625727,21.25659341,100,21.25657462,LAKE FOREST,LAKE FOREST,3303.943395,2.0771014834532298
J01-9992-1 (J01P27),ALISO VIEJO,568.0809311,552.2218442,99.70754793,553.84107572999994,ALISO VIEJO,ALISO VIEJO,4298.475849,13.215868858078117
J01-9992-1 (J01P27),ORANGE CO,1.619726429,1.619720764,0.292452005,553.84107572999994,ALISO VIEJO,ORANGE CO,94761.16102,0.0017092724609591322
J03-9215-1,LAGUNA NIGUEL,65.12940169,65.12831109,100,65.12825351,LAGUNA NIGUEL,LAGUNA NIGUEL,9463.773977,0.6881969270217704
J03-9215-3,LAGUNA NIGUEL,155.2902966,155.2876962,100,155.28755892,LAGUNA NIGUEL,LAGUNA NIGUEL,9463.773977,1.640891857491579
J03-9216-1 (J03P01),LAGUNA NIGUEL,13.41191678,13.41169219,100,13.41168034,LAGUNA NIGUEL,LAGUNA NIGUEL,9463.773977,0.14171848157611594
J03-9216-2,LAGUNA NIGUEL,1121.628952,1121.61017,99.85072453,1123.28596907,LAGUNA NIGUEL,LAGUNA NIGUEL,9463.773977,11.851814664275768
J03-9216-2,SAN JUAN CAPISTRANO,1.676792619,1.676791419,0.149275428,1123.28596907,LAGUNA NIGUEL,SAN JUAN CAPISTRANO,9220.309393,0.01818586066399258
J03-9221-1 (J03P02),LAGUNA NIGUEL,565.719346,565.709873,100,565.70937288,LAGUNA NIGUEL,LAGUNA NIGUEL,9463.773977,5.977735175997219
J03-9368-1 (J03TBN1),LAGUNA NIGUEL,91.152289,91.15076265,98.70823565,92.34354303,LAGUNA NIGUEL,LAGUNA NIGUEL,9463.773977,0.9631706042592441
J03-9368-1 (J03TBN1),SAN JUAN CAPISTRANO,1.192862982,1.192862129,1.291764465,92.34354303,LAGUNA NIGUEL,SAN JUAN CAPISTRANO,9220.309393,0.012937342242610797
J03-9368-2 (J03TBN2),LAGUNA NIGUEL,34.23182653,34.23125331,100,34.23122305,LAGUNA NIGUEL,LAGUNA NIGUEL,9463.773977,0.3617143289050889
J04-9249-1,ALISO VIEJO,136.4020962,132.5941657,8.068009599,1643.4542726,LAGUNA NIGUEL,ALISO VIEJO,4298.475849,3.1732665482285456
J04-9249-1,LAGUNA HILLS,1435.670475,1180.63964,71.83884675,1643.4542726,LAGUNA NIGUEL,LAGUNA HILLS,3498.38696,41.038069585075284
J04-9249-1,LAGUNA NIGUEL,330.2274496,330.2219199,20.09314366,1643.4542726,LAGUNA NIGUEL,LAGUNA NIGUEL,9463.773977,3.4893843661372133
J05-9255-1 (J05P01),LAGUNA HILLS,85.17570945,70.04519538,100,70.04513345,LAGUNA HILLS,LAGUNA HILLS,3498.38696,2.434713781633808
J05-9800-2,LAGUNA HILLS,30.97537965,25.47294919,100.0000004,25.47292658,LAGUNA HILLS,LAGUNA HILLS,3498.38696,0.8854189088905133
J06-10011-1 (J06P01),ALISO VIEJO,143.1188236,139.1233826,14.86516439,935.90125176,ALISO VIEJO,ALISO VIEJO,4298.475849,3.3295248973725244
J06-10011-1 (J06P01),LAGUNA HILLS,237.2873008,195.1358603,20.85002958,935.90125176,ALISO VIEJO,LAGUNA HILLS,3498.38696,6.782763128067456
J06-10011-1 (J06P01),LAGUNA WOODS,829.0781602,357.1633736,38.1624725,935.90125176,ALISO VIEJO,LAGUNA WOODS,756.0075789,109.66532391200607
J06-10011-1 (J06P01),LAKE FOREST,693.7997852,214.9005429,22.96186189,935.90125176,ALISO VIEJO,LAKE FOREST,3303.943395,20.999142607889627
J06-9079-1 (J06P03),ALISO VIEJO,368.9742325,358.6735973,98.05519597,365.7871229,ALISO VIEJO,ALISO VIEJO,4298.475849,8.583838678210519
J07-9022-1,MISSION VIEJO,82.52428975,82.52390061,100,82.52382766,MISSION VIEJO,MISSION VIEJO,11525.93439,0.7159878492940128
J07-9109-2,LAKE FOREST,12.48046884,3.865754338,1.91711778,201.64389276,MISSION VIEJO,LAKE FOREST,3303.943395,0.37774463263769087
J07-9109-2,MISSION VIEJO,197.7792499,197.7783173,98.08288254,201.64389276,MISSION VIEJO,MISSION VIEJO,11525.93439,1.7159498155012487
J07-9109-4 (J07P02),LAKE FOREST,16.25802004,5.035829366,1.275132081,394.92574829,MISSION VIEJO,LAKE FOREST,3303.943395,0.4920792548868714
J07-9109-4 (J07P02),MISSION VIEJO,389.8921068,389.8902683,98.72486798,394.92574829,MISSION VIEJO,MISSION VIEJO,11525.93439,3.382737517040473
J07-9110-1,LAKE FOREST,0.645792876,0.200030675,0.19588078,102.11849185,MISSION VIEJO,LAKE FOREST,3303.943395,0.01954612409453825
J07-9110-1,MISSION VIEJO,101.9190319,101.9185513,99.80411911,102.11849185,MISSION VIEJO,MISSION VIEJO,11525.93439,0.8842583035040162
J07-9110-2,MISSION VIEJO,133.3916332,133.3910042,100,133.39088631,MISSION VIEJO,MISSION VIEJO,11525.93439,1.1573173044931762
J07-9110-3,MISSION VIEJO,61.68033046,61.68003961,100,61.67998508,MISSION VIEJO,MISSION VIEJO,11525.93439,0.5351438622929728
K01-12036-1,LAGUNA NIGUEL,137.8077479,137.8054403,100,137.80531846,LAGUNA NIGUEL,LAGUNA NIGUEL,9463.773977,1.4561605997239255
K01-12036-10,LAGUNA NIGUEL,185.3749187,185.3718146,100,185.37165068,LAGUNA NIGUEL,LAGUNA NIGUEL,9463.773977,1.9587842984259807
K01-12036-5,LAGUNA NIGUEL,28.076756,28.07628585,100,28.07626103,LAGUNA NIGUEL,LAGUNA NIGUEL,9463.773977,0.2966761047784478
K01-12058-1 (K01P08),LAGUNA NIGUEL,322.1929942,322.187599,97.77433651,329.52135056,LAGUNA NIGUEL,LAGUNA NIGUEL,9463.773977,3.404487416785651
K01-12058-1 (K01P08),SAN JUAN CAPISTRANO,7.334047756,7.334042507,2.225663378,329.52135056,LAGUNA NIGUEL,SAN JUAN CAPISTRANO,9220.309393,0.07954231732796259
K01-12058-2 (K01P09),LAGUNA NIGUEL,294.0486386,294.0437147,97.02723437,303.05249515,LAGUNA NIGUEL,LAGUNA NIGUEL,9463.773977,3.107097013460299
K01-12058-2 (K01P09),SAN JUAN CAPISTRANO,9.00905504,9.009048593,2.9727657,303.05249515,LAGUNA NIGUEL,SAN JUAN CAPISTRANO,9220.309393,0.09770881492154285
K01-12062-1,LAGUNA NIGUEL,249.8365197,249.8323362,96.51947141,258.84115572,LAGUNA NIGUEL,LAGUNA NIGUEL,9463.773977,2.6399248366157377
K01-12062-1,SAN JUAN CAPISTRANO,9.00905504,9.009048593,3.480528667,258.84115572,LAGUNA NIGUEL,SAN JUAN CAPISTRANO,9220.309393,0.09770881492154285
K01-12126-1 (K01S01),DANA POINT,240.5645176,240.5448387,27.17243026,885.25252888,DANA POINT,DANA POINT,4071.560352,5.908410948196599
K01-12126-1 (K01S01),LAGUNA NIGUEL,644.7192687,644.7084728,72.82756974,885.25252888,DANA POINT,LAGUNA NIGUEL,9463.773977,6.812496476214185
K01-12138-1 (K01TBN1),LAGUNA NIGUEL,90.8337827,90.83226167,100,90.83218137,LAGUNA NIGUEL,LAGUNA NIGUEL,9463.773977,0.9598050726988531
K01-12155-1,LAGUNA NIGUEL,63.75921047,63.75814281,100,63.75808645,LAGUNA NIGUEL,LAGUNA NIGUEL,9463.773977,0.6737186520404574
K01-12155-5,LAGUNA NIGUEL,147.0481425,147.0456802,100,147.04555016,LAGUNA NIGUEL,LAGUNA NIGUEL,9463.773977,1.5538002371714927
K01-12156-1,LAGUNA NIGUEL,88.38940682,88.38792673,100,88.38784859,LAGUNA NIGUEL,LAGUNA NIGUEL,9463.773977,0.9339763083397231
K01-12156-3,LAGUNA NIGUEL,130.1230336,130.1208546,100,130.12073959,LAGUNA NIGUEL,LAGUNA NIGUEL,9463.773977,1.3749592278539262
K01-12177-1 (K01P07),LAGUNA NIGUEL,512.4400826,512.4315018,100,512.43104875,LAGUNA NIGUEL,LAGUNA NIGUEL,9463.773977,5.414754027784195
L01-125-1,ORANGE CO,105.2704143,61.93976207,17.10683645,362.07575558,RANCHO SANTA MARGARITA,ORANGE CO,94761.16102,0.1110902538201088
L01-125-1,RANCHO SANTA MARGARITA,300.1362993,300.136314,82.89316367,362.07575558,RANCHO SANTA MARGARITA,RANCHO SANTA MARGARITA,8280.210526,3.62474237046953
L01-125-2,ORANGE CO,99.98944818,58.83250935,51.93979406,113.27048633,RANCHO SANTA MARGARITA,ORANGE CO,94761.16102,0.10551733126074356
L01-125-2,RANCHO SANTA MARGARITA,54.43807367,54.43807633,48.06020524,113.27048633,RANCHO SANTA MARGARITA,RANCHO SANTA MARGARITA,8280.210526,0.6574479416805108
L01-125-3,ORANGE CO,1.253339917,0.737449138,1.064651459,69.26665813,RANCHO SANTA MARGARITA,ORANGE CO,94761.16102,0.0013226303936224185
L01-125-3,RANCHO SANTA MARGARITA,68.52926799,68.52927134,98.93535016,69.26665813,RANCHO SANTA MARGARITA,RANCHO SANTA MARGARITA,8280.210526,0.8276271210111982
L01-218-1,ORANGE CO,1.797130392,1.057408482,1.588868781,66.55096754,RANCHO SANTA MARGARITA,ORANGE CO,94761.16102,0.001896484142507185
L01-218-1,RANCHO SANTA MARGARITA,65.49361383,65.49361704,98.41112993,66.55096754,RANCHO SANTA MARGARITA,RANCHO SANTA MARGARITA,8280.210526,0.7909655633072246
L01-218-2,RANCHO SANTA MARGARITA,32.56315006,32.56315165,100,32.56312287,RANCHO SANTA MARGARITA,RANCHO SANTA MARGARITA,8280.210526,0.39326476008974837
L01-218-3,RANCHO SANTA MARGARITA,58.59511326,58.59511613,100,58.59506433,RANCHO SANTA MARGARITA,RANCHO SANTA MARGARITA,8280.210526,0.7076524573380152
L01-218-4,RANCHO SANTA MARGARITA,37.33154539,37.33154721,100,37.33151421,RANCHO SANTA MARGARITA,RANCHO SANTA MARGARITA,8280.210526,0.4508526114496524
L01-223-1 (L08TBN1),ORANGE CO,9.96903579,5.865652846,4.285274231,136.87916674,RANCHO SANTA MARGARITA,ORANGE CO,94761.16102,0.010520170587500469
L01-223-1 (L08TBN1),RANCHO SANTA MARGARITA,131.0136287,131.0136351,95.71472594,136.87916674,RANCHO SANTA MARGARITA,RANCHO SANTA MARGARITA,8280.210526,1.582249971647641
L01-242-1 (L07P16),ORANGE CO,333.6229668,196.2994763,99.65978637,196.96941954,ORANGE CO,ORANGE CO,94761.16102,0.35206720053755625
L01-242-1 (L07P16),RANCHO SANTA MARGARITA,0.670117404,0.670117436,0.340213646,196.96941954,ORANGE CO,RANCHO SANTA MARGARITA,8280.210526,0.008092999590962331
L01-261-1,ORANGE CO,253.9420698,149.4162581,99.85129002,149.63865359,ORANGE CO,ORANGE CO,94761.16102,0.2679811718921466
L01-261-1,RANCHO SANTA MARGARITA,0.222527793,0.222527803,0.148709977,149.63865359,ORANGE CO,RANCHO SANTA MARGARITA,8280.210526,0.0026874654008042305
L01-335-1,ORANGE CO,600.1236162,353.1050416,79.80262992,442.4725473,ORANGE CO,ORANGE CO,94761.16102,0.6333012488875477
L01-335-1,RANCHO SANTA MARGARITA,89.36789252,89.36789689,20.19737008,442.4725473,ORANGE CO,RANCHO SANTA MARGARITA,8280.210526,1.0792949314438722
L01-340-1,ORANGE CO,284.5322921,167.4151527,98.78639742,169.47171779,ORANGE CO,ORANGE CO,94761.16102,0.3002625643642626
L01-340-1,RANCHO SANTA MARGARITA,2.056714849,2.05671495,1.213602575,169.47171779,ORANGE CO,RANCHO SANTA MARGARITA,8280.210526,0.024838919765890987
L01-372-1,ORANGE CO,199.8939166,117.6150177,100,117.6149137,ORANGE CO,ORANGE CO,94761.16102,0.21094498468397935
L01-391-1,ORANGE CO,50.91641536,29.958566,100,29.95853952,ORANGE CO,ORANGE CO,94761.16102,0.0537313122928641
L01-391-3,ORANGE CO,145.3267646,85.50840504,100,85.50832944,ORANGE CO,ORANGE CO,94761.16102,0.15336110600135827
L01-404-1,ORANGE CO,404.1397577,237.7906519,100,191.15643697,ORANGE CO,ORANGE CO,94761.16102,0.42648248855319904
L01-414-1,ORANGE CO,70.31918456,41.37490663,100,41.37487005,ORANGE CO,ORANGE CO,94761.16102,0.07420675707546329
L01-414-2,ORANGE CO,11.7616036,6.920376761,100,6.92037064,ORANGE CO,ORANGE CO,94761.16102,0.012411839907193236
L01-414-3,ORANGE CO,147.6040899,86.84835409,100.0000001,86.8482772,ORANGE CO,ORANGE CO,94761.16102,0.15576433246617474
L01-458-1,ORANGE CO,1020.511405,600.4558269,100,600.45529611,ORANGE CO,ORANGE CO,94761.16102,1.0769300354863887
L01-471-1,ORANGE CO,542.723915,319.3317933,100,319.331511,ORANGE CO,ORANGE CO,94761.16102,0.572728224473162
L01-494-1,ORANGE CO,507.6592601,298.7002,100,298.6999359,ORANGE CO,ORANGE CO,94761.16102,0.5357250318966174
L01-514-1,ORANGE CO,454.4751233,267.4073357,100,267.40709935,ORANGE CO,ORANGE CO,94761.16102,0.4796006279451133
L01-517-1,ORANGE CO,254.0088905,149.4555745,91.33564488,163.63320429,SAN JUAN CAPISTRANO,ORANGE CO,94761.16102,0.26805168675211744
L01-517-1,SAN JUAN CAPISTRANO,14.17778477,14.17777462,8.664355227,163.63320429,SAN JUAN CAPISTRANO,SAN JUAN CAPISTRANO,9220.309393,0.15376690917512686
L01-517-3,ORANGE CO,891.42923,524.5055299,86.86213464,603.8362612,ORANGE CO,ORANGE CO,94761.16102,0.9407115957685002
L01-517-3,SAN JUAN CAPISTRANO,79.33132183,79.33126506,13.13786535,603.8362612,ORANGE CO,SAN JUAN CAPISTRANO,9220.309393,0.8603976119307648
L01-517-6,ORANGE CO,23.5456927,13.85398371,100,13.85397146,ORANGE CO,ORANGE CO,94761.16102,0.024847408417706614
L01-517-7,ORANGE CO,241.1832418,141.9091273,100,141.90900182,ORANGE CO,ORANGE CO,94761.16102,0.25451697636872195
L01-556-1,SAN JUAN CAPISTRANO,96.73695538,96.73688615,100,96.73680063,SAN JUAN CAPISTRANO,SAN JUAN CAPISTRANO,9220.309393,1.0491725522078692
L01-601-1,SAN JUAN CAPISTRANO,10.80021747,10.80020974,100,10.8002002,SAN JUAN CAPISTRANO,SAN JUAN CAPISTRANO,9220.309393,0.11713508744293827
L01-602-2,SAN JUAN CAPISTRANO,62.42349549,62.42345082,100,62.42339564,SAN JUAN CAPISTRANO,SAN JUAN CAPISTRANO,9220.309393,0.6770217010005274
L01-618-1,SAN JUAN CAPISTRANO,92.62301918,92.6229529,100,92.62287102,SAN JUAN CAPISTRANO,SAN JUAN CAPISTRANO,9220.309393,1.0045543509669947
L01-618-2,SAN JUAN CAPISTRANO,399.4927326,399.4924467,100,399.49209345,SAN JUAN CAPISTRANO,SAN JUAN CAPISTRANO,9220.309393,4.33274758549092
L01-618-3,SAN JUAN CAPISTRANO,6.928013648,6.92800869,100,6.92800257,SAN JUAN CAPISTRANO,SAN JUAN CAPISTRANO,9220.309393,0.07513862445071208
L01-618-4,SAN JUAN CAPISTRANO,108.6796238,108.679546,100,108.67944992,SAN JUAN CAPISTRANO,SAN JUAN CAPISTRANO,9220.309393,1.178698231997604
L01-618-5 (L01S09),SAN JUAN CAPISTRANO,393.0065817,393.0063004,100,393.00595298,SAN JUAN CAPISTRANO,SAN JUAN CAPISTRANO,9220.309393,4.262401237840979
L01-724-1 (L01S01),DANA POINT,102.8862548,102.8778384,36.30009378,283.40904032,SAN JUAN CAPISTRANO,DANA POINT,4071.560352,2.5269490294908934
L01-724-1 (L01S01),LAGUNA NIGUEL,73.06163303,73.0604096,25.77911591,283.40904032,SAN JUAN CAPISTRANO,LAGUNA NIGUEL,9463.773977,0.7720137146931356
L01-724-1 (L01S01),SAN JUAN CAPISTRANO,107.4711064,107.4710295,37.92078556,283.40904032,SAN JUAN CAPISTRANO,SAN JUAN CAPISTRANO,9220.309393,1.1655911078384353
L01-724-2,SAN JUAN CAPISTRANO,16.19790134,16.19788975,99.99999984,16.19787546,SAN JUAN CAPISTRANO,SAN JUAN CAPISTRANO,9220.309393,0.17567633199269153
L01-724-4 (L01P03),LAGUNA NIGUEL,101.4524952,101.4507964,29.00896475,349.72191376,SAN JUAN CAPISTRANO,LAGUNA NIGUEL,9463.773977,1.07200885657838
L01-724-4 (L01P03),SAN JUAN CAPISTRANO,248.2716046,248.2714269,70.99103534,349.72191376,SAN JUAN CAPISTRANO,SAN JUAN CAPISTRANO,9220.309393,2.692660235333168
L01-726-2,DANA POINT,2.515105319,2.514899575,100,2.51489735,DANA POINT,DANA POINT,4071.560352,0.06177251720619957
L01-726-3,SAN JUAN CAPISTRANO,11.88575064,11.88574213,100,11.88573163,DANA POINT,SAN JUAN CAPISTRANO,9220.309393,0.12890837100351085
L01-726-5,DANA POINT,64.59412153,64.58883753,93.73312978,68.90709888,DANA POINT,DANA POINT,4071.560352,1.5864709336377778
L01-726-5,SAN JUAN CAPISTRANO,4.318324685,4.318321595,6.26686923,68.90709888,DANA POINT,SAN JUAN CAPISTRANO,9220.309393,0.04683492170315288
L01-726-6,DANA POINT,5.636162795,5.635701739,90.70659762,6.21310567,DANA POINT,DANA POINT,4071.560352,0.13842758814152045
L01-726-6,SAN JUAN CAPISTRANO,0.577409883,0.57740947,9.293403178,6.21310567,DANA POINT,SAN JUAN CAPISTRANO,9220.309393,0.006262369931299332
L01-726-7,SAN JUAN CAPISTRANO,5.744177238,5.744173127,100,5.74416805,DANA POINT,SAN JUAN CAPISTRANO,9220.309393,0.06229918100536781
L01-726-8,SAN JUAN CAPISTRANO,32.32895295,32.32892981,100,32.32890123,SAN JUAN CAPISTRANO,SAN JUAN CAPISTRANO,9220.309393,0.350627637013395
L01-726-9,SAN JUAN CAPISTRANO,89.2725508,89.27248691,100,89.27240799,SAN JUAN CAPISTRANO,SAN JUAN CAPISTRANO,9220.309393,0.9682164339059506
L01-727-1 (L01S04),DANA POINT,425.1448688,425.1100906,92.73717517,458.4026999,DANA POINT,DANA POINT,4071.560352,10.441816700350854
L01-727-1 (L01S04),LAGUNA NIGUEL,33.29357196,33.29301445,7.26282481,458.4026999,DANA POINT,LAGUNA NIGUEL,9463.773977,0.3518001596499878
L01-727-2,DANA POINT,0.727297383,0.727237887,100,0.72723724,DANA POINT,DANA POINT,4071.560352,0.017862866324522064
L01-727-3,DANA POINT,4.740610804,4.740223007,100,4.74021882,DANA POINT,DANA POINT,4071.560352,0.11643228625289453
L01-728-2,DANA POINT,95.98093044,95.97307889,100.000001,95.97299313,DANA POINT,DANA POINT,4071.560352,2.357350060962574
L01-728-3 (L01S02),DANA POINT,88.47208988,88.46485258,8.724176507,1014.01862168,DANA POINT,DANA POINT,4071.560352,2.172928367291459
L01-728-3 (L01S02),SAN CLEMENTE,2.063264316,2.063255511,0.203472958,1014.01862168,DANA POINT,SAN CLEMENTE,11739.01617,0.017576126364599768
L01-728-3 (L01S02),SAN JUAN CAPISTRANO,923.4920703,923.4914094,91.07235047,1014.01862168,DANA POINT,SAN JUAN CAPISTRANO,9220.309393,10.015846876039857
L01-728-4,DANA POINT,79.22549473,79.21901383,100,79.2189438,DANA POINT,DANA POINT,4071.560352,1.945826363376475
L01-728-5 (L01-DP),DANA POINT,24.72576949,24.72374684,100,24.72372499,DANA POINT,DANA POINT,4071.560352,0.607279945582887
L01-728-6,DANA POINT,4.466273545,4.465908189,100,4.46590424,DANA POINT,DANA POINT,4071.560352,0.10969439622345552
L01-730-1,ORANGE CO,7.098935326,4.17692253,12.81955962,32.58238943,RANCHO SANTA MARGARITA,ORANGE CO,94761.16102,0.0074913975827097775
L01-730-1,RANCHO SANTA MARGARITA,28.4054943,28.40549569,87.18044032,32.58238943,RANCHO SANTA MARGARITA,RANCHO SANTA MARGARITA,8280.210526,0.3430528029547832
L01-731-1 (L08TBN2),ORANGE CO,109.0067185,64.13815558,5.866443295,1093.30467632,RANCHO SANTA MARGARITA,ORANGE CO,94761.16102,0.11503311834369925
L01-731-1 (L08TBN2),RANCHO SANTA MARGARITA,1029.167436,1029.167486,94.13355663,1093.30467632,RANCHO SANTA MARGARITA,RANCHO SANTA MARGARITA,8280.210526,12.429242381801728
L01-733-2,ORANGE CO,202.8683486,119.3651353,99.1163795,120.42916661,ORANGE CO,ORANGE CO,94761.16102,0.21408385715871847
L01-733-2,RANCHO SANTA MARGARITA,1.064137696,1.064137748,0.883620502,120.42916661,ORANGE CO,RANCHO SANTA MARGARITA,8280.210526,0.012851577778832913
L01-733-4,ORANGE CO,86.14627093,50.68736133,100,50.68731652,ORANGE CO,ORANGE CO,94761.16102,0.09090883860299921
L01-747-1,SAN JUAN CAPISTRANO,132.6157391,132.6156442,100,132.61552692,SAN JUAN CAPISTRANO,SAN JUAN CAPISTRANO,9220.309393,1.4383003156128475
L01-747-2,ORANGE CO,73.38733717,43.18016829,17.94560662,240.61672041,SAN JUAN CAPISTRANO,ORANGE CO,94761.16102,0.07744453147266853
L01-747-2,SAN JUAN CAPISTRANO,197.4369061,197.4367648,82.05439338,240.61672041,SAN JUAN CAPISTRANO,SAN JUAN CAPISTRANO,9220.309393,2.141326257987534
L01-748-1,SAN JUAN CAPISTRANO,99.9181037,99.91803219,100,99.91794386,SAN JUAN CAPISTRANO,SAN JUAN CAPISTRANO,9220.309393,1.0836740877248348
L01-749-3,SAN JUAN CAPISTRANO,41.9301845,41.93015449,100,41.93011742,SAN JUAN CAPISTRANO,SAN JUAN CAPISTRANO,9220.309393,0.4547589751362696
L01-760-1,ORANGE CO,56.95310989,33.51047967,100,33.51045004,ORANGE CO,ORANGE CO,94761.16102,0.0601017434537127
L01-760-2,ORANGE CO,55.36208794,32.57434275,100,32.57431395,ORANGE CO,ORANGE CO,94761.16102,0.0584227623892403
L01-766-2 (L01S06),SAN JUAN CAPISTRANO,245.4066175,245.4064419,99.99999998,245.40622496,SAN JUAN CAPISTRANO,SAN JUAN CAPISTRANO,9220.309393,2.6615876652285784
L01-766-3,SAN JUAN CAPISTRANO,369.9807874,369.9805227,100,369.98019559,SAN JUAN CAPISTRANO,SAN JUAN CAPISTRANO,9220.309393,4.012672152638252
L01-766-4,SAN JUAN CAPISTRANO,25.87307346,25.87305495,100,25.87303207,SAN JUAN CAPISTRANO,SAN JUAN CAPISTRANO,9220.309393,0.2806096016652399
L01-766-5,SAN JUAN CAPISTRANO,63.97593125,63.97588547,100,63.97582891,SAN JUAN CAPISTRANO,SAN JUAN CAPISTRANO,9220.309393,0.6938588340492144
L01-766-7,SAN JUAN CAPISTRANO,56.73320033,56.73315973,100,56.73310957,SAN JUAN CAPISTRANO,SAN JUAN CAPISTRANO,9220.309393,0.6153069047018258
L02-166-1 (L02PXX),MISSION VIEJO,4.221264692,4.221244787,5.462000754,77.28378749,RANCHO SANTA MARGARITA,MISSION VIEJO,11525.93439,0.03662405622977002
L02-166-1 (L02PXX),RANCHO SANTA MARGARITA,73.06260757,73.06261114,94.53799939,77.28378749,RANCHO SANTA MARGARITA,RANCHO SANTA MARGARITA,8280.210526,0.8823762069887254
L02-166-2 (L02P25),MISSION VIEJO,121.8375362,121.8369617,33.47599172,363.95293383,RANCHO SANTA MARGARITA,MISSION VIEJO,11525.93439,1.0570729632619398
L02-166-2 (L02P25),RANCHO SANTA MARGARITA,242.1162818,242.1162936,66.5240082,363.95293383,RANCHO SANTA MARGARITA,RANCHO SANTA MARGARITA,8280.210526,2.9240353375044124
L02-166-3 (L02P26),ORANGE CO,4.721197169,2.777891884,0.561546905,494.68519995,RANCHO SANTA MARGARITA,ORANGE CO,94761.16102,0.004982206969798057
L02-166-3 (L02P26),RANCHO SANTA MARGARITA,491.9077219,491.907746,99.43845321,494.68519995,RANCHO SANTA MARGARITA,RANCHO SANTA MARGARITA,8280.210526,5.940763466766955
L02-204-1 (L02P45),RANCHO SANTA MARGARITA,53.98212843,53.98213107,100,53.98208335,RANCHO SANTA MARGARITA,RANCHO SANTA MARGARITA,8280.210526,0.651941496662376
L02-246-1 (L11P01),RANCHO SANTA MARGARITA,228.0302932,228.0303044,100,228.03010278,RANCHO SANTA MARGARITA,RANCHO SANTA MARGARITA,8280.210526,2.7539190275897094
L02-344-1,ORANGE CO,301.1810326,177.2110581,99.37899245,178.3182714,ORANGE CO,ORANGE CO,94761.16102,0.3178317248945838
L02-344-1,RANCHO SANTA MARGARITA,1.107371133,1.107371188,0.621007707,178.3182714,ORANGE CO,RANCHO SANTA MARGARITA,8280.210526,0.013373707462181498
L02-359-1 (L02P43),MISSION VIEJO,91.64765252,91.64722036,99.12347837,92.45754976,ORANGE CO,MISSION VIEJO,11525.93439,0.7951429308804177
L02-359-1 (L02P43),ORANGE CO,1.377343297,0.810411137,0.876521628,92.45754976,ORANGE CO,ORANGE CO,94761.16102,0.0014534892588634516
L02-366-1 (MVL02P14),MISSION VIEJO,198.7268356,198.7258985,99.95135595,198.82243813,MISSION VIEJO,MISSION VIEJO,11525.93439,1.7241711506914104
L02-366-1 (MVL02P14),ORANGE CO,0.164373876,0.096715481,0.048644105,198.82243813,MISSION VIEJO,ORANGE CO,94761.16102,1.7346123056186254e-4
L02-374-1 (L02P50),ORANGE CO,775.8197182,456.4823754,100,456.48197184000003,ORANGE CO,ORANGE CO,94761.16102,0.8187106509134665
L02-374-2 (MVL02P20),MISSION VIEJO,84.33812721,84.33772952,100,84.33765496,ORANGE CO,MISSION VIEJO,11525.93439,0.7317248594020497
L02-396-1,MISSION VIEJO,192.3372929,192.3363859,99.27784457,193.73528575,MISSION VIEJO,MISSION VIEJO,11525.93439,1.6687349276157035
L02-396-1,ORANGE CO,2.377804269,1.399069546,0.722154616,193.73528575,MISSION VIEJO,ORANGE CO,94761.16102,0.002509260379891449
L02-401-1,MISSION VIEJO,193.8621008,193.8611867,97.18078684,199.48492042,ORANGE CO,MISSION VIEJO,11525.93439,1.6819642923544356
L02-401-1,ORANGE CO,9.558176043,5.623908238,2.819212227,199.48492042,ORANGE CO,ORANGE CO,94761.16102,0.010086596597294413
L02-401-2 (COL02P55),ORANGE CO,198.6161932,116.8632216,100,116.86311828,ORANGE CO,ORANGE CO,94761.16102,0.2095966227746837
L02-502-1,MISSION VIEJO,7.718084185,7.718047791,2.076270077,371.7262534,SAN JUAN CAPISTRANO,MISSION VIEJO,11525.93439,0.06696276348489609
L02-502-1,ORANGE CO,159.2281417,93.68779714,25.20341608,371.7262534,SAN JUAN CAPISTRANO,ORANGE CO,94761.16102,0.16803101606827486
L02-502-1,SAN JUAN CAPISTRANO,270.3209308,270.3207373,72.7203139,371.7262534,SAN JUAN CAPISTRANO,SAN JUAN CAPISTRANO,9220.309393,2.9317989156115076
L02-502-6,SAN JUAN CAPISTRANO,39.57532287,39.57529455,100,39.57525956,SAN JUAN CAPISTRANO,SAN JUAN CAPISTRANO,9220.309393,0.42921903358303065
L02-541-2,SAN JUAN CAPISTRANO,7.068091224,7.068086166,100,7.06807992,SAN JUAN CAPISTRANO,SAN JUAN CAPISTRANO,9220.309393,0.07665785303653748
L02-541-6,SAN JUAN CAPISTRANO,17.62495538,17.62494277,100,17.62492719,SAN JUAN CAPISTRANO,SAN JUAN CAPISTRANO,9220.309393,0.1911536221699974
L02-541-7,SAN JUAN CAPISTRANO,24.77557829,24.77556055,100,24.77553865,SAN JUAN CAPISTRANO,SAN JUAN CAPISTRANO,9220.309393,0.2687065827618481
L02-541-9 (L02P02),SAN JUAN CAPISTRANO,222.3655102,222.3653511,100,222.36515452,SAN JUAN CAPISTRANO,SAN JUAN CAPISTRANO,9220.309393,2.4116925010002213
L02-571-1,SAN JUAN CAPISTRANO,36.03370964,36.03368386,99.9999999,36.03365204,SAN JUAN CAPISTRANO,SAN JUAN CAPISTRANO,9220.309393,0.3908080315326139
L02-571-3,SAN JUAN CAPISTRANO,7.431154425,7.431149107,100,7.43114254,SAN JUAN CAPISTRANO,SAN JUAN CAPISTRANO,9220.309393,0.08059549965472618
L02-571-5 (L02TBN2),LAGUNA NIGUEL,56.98959558,56.98864128,25.81138094,220.78861654,SAN JUAN CAPISTRANO,LAGUNA NIGUEL,9463.773977,0.6021867779017436
L02-571-5 (L02TBN2),SAN JUAN CAPISTRANO,163.8002948,163.8001776,74.1886223,220.78861654,SAN JUAN CAPISTRANO,SAN JUAN CAPISTRANO,9220.309393,1.7765162514433206
L02-622-1 (L02P28),RANCHO SANTA MARGARITA,256.9321663,256.9321789,100,256.93195174,RANCHO SANTA MARGARITA,RANCHO SANTA MARGARITA,8280.210526,3.102966591166114
L02-622-2 (L02P32),ORANGE CO,78.89723956,46.42212422,8.122253812,571.54189287,RANCHO SANTA MARGARITA,ORANGE CO,94761.16102,0.08325904696687728
L02-622-2 (L02P32),RANCHO SANTA MARGARITA,525.1202484,525.1202741,91.87774622,571.54189287,RANCHO SANTA MARGARITA,RANCHO SANTA MARGARITA,8280.210526,6.341870738082246
L02-640-1 (L11P02),RANCHO SANTA MARGARITA,508.8459889,508.8460138,100,508.84556392,RANCHO SANTA MARGARITA,RANCHO SANTA MARGARITA,8280.210526,6.145326707602603
L02-641-1,ORANGE CO,9.255604021,5.44587874,0.587888306,926.34500026,RANCHO SANTA MARGARITA,ORANGE CO,94761.16102,0.009767296982617742
L02-641-1,RANCHO SANTA MARGARITA,920.8998951,920.8999402,99.41211166,926.34500026,RANCHO SANTA MARGARITA,RANCHO SANTA MARGARITA,8280.210526,11.121696630881047
L02-641-2,ORANGE CO,9.255604021,5.44587874,0.587888306,926.34500026,RANCHO SANTA MARGARITA,ORANGE CO,94761.16102,0.009767296982617742
L02-641-2,RANCHO SANTA MARGARITA,920.8998951,920.8999402,99.41211166,926.34500026,RANCHO SANTA MARGARITA,RANCHO SANTA MARGARITA,8280.210526,11.121696630881047
L03-142-1 (L03P24),ORANGE CO,433.6788916,255.1710996,99.82087577,255.6287671,RANCHO SANTA MARGARITA,ORANGE CO,94761.16102,0.45765468355592337
L03-142-1 (L03P24),RANCHO SANTA MARGARITA,0.457892096,0.457892119,0.179123703,255.6287671,RANCHO SANTA MARGARITA,RANCHO SANTA MARGARITA,8280.210526,0.0055299571739415455
L03-214-2 (L03P18),MISSION VIEJO,1416.447548,1416.440869,95.45320027,1483.91003393,MISSION VIEJO,MISSION VIEJO,11525.93439,12.289220986967635
L03-214-2 (L03P18),RANCHO SANTA MARGARITA,67.47047379,67.47047709,4.546799732,1483.91003393,MISSION VIEJO,RANCHO SANTA MARGARITA,8280.210526,0.8148400765673962
L03-240-1 (L03P14),MISSION VIEJO,340.1522431,340.1506391,98.89814948,343.94004359,MISSION VIEJO,MISSION VIEJO,11525.93439,2.9511901733114065
L03-240-1 (L03P14),RANCHO SANTA MARGARITA,3.789708504,3.789708689,1.101850572,343.94004359,MISSION VIEJO,RANCHO SANTA MARGARITA,8280.210526,0.04576826268003997
L03-241-3,MISSION VIEJO,718.2839077,718.2805206,99.47516067,722.06959077,MISSION VIEJO,MISSION VIEJO,11525.93439,6.231893080383915
L03-241-3,RANCHO SANTA MARGARITA,3.789708504,3.789708689,0.524839349,722.06959077,MISSION VIEJO,RANCHO SANTA MARGARITA,8280.210526,0.04576826268003997
L03-241-4,MISSION VIEJO,209.498391,209.4974031,100,209.49721786,MISSION VIEJO,MISSION VIEJO,11525.93439,1.8176260935665451
L03-316-1,MISSION VIEJO,22.6516367,22.65152989,100,22.65150986,MISSION VIEJO,MISSION VIEJO,11525.93439,0.19652755198444263
L03-316-2,MISSION VIEJO,143.0422567,143.0415822,100,143.04145576,MISSION VIEJO,MISSION VIEJO,11525.93439,1.2410469456090665
L03-316-3 (L03P12),MISSION VIEJO,361.4258238,361.4241195,99.99999995,361.42380014,MISSION VIEJO,MISSION VIEJO,11525.93439,3.1357615926876705
L03-316-4,MISSION VIEJO,44.10865386,44.10844587,100,44.10840687,MISSION VIEJO,MISSION VIEJO,11525.93439,0.38269048189506477
L03-418-1,LAGUNA NIGUEL,6.774299071,6.774185634,5.475663849,123.71430811,LAGUNA NIGUEL,LAGUNA NIGUEL,9463.773977,0.07158137004818282
L03-418-1,MISSION VIEJO,116.9407828,116.9402313,94.52433574,123.71430811,LAGUNA NIGUEL,MISSION VIEJO,11525.93439,1.0145883087922036
L03-418-3,LAGUNA NIGUEL,6.637971426,6.637860272,100,6.6378544,LAGUNA NIGUEL,LAGUNA NIGUEL,9463.773977,0.07014084911719569
L03-418-8,LAGUNA NIGUEL,20.79529535,20.79494713,9.876554085,210.54842175,LAGUNA NIGUEL,LAGUNA NIGUEL,9463.773977,0.21973575658652905
L03-418-8,MISSION VIEJO,189.7545546,189.7536598,90.12344547,210.54842175,LAGUNA NIGUEL,MISSION VIEJO,11525.93439,1.6463268675608
L03-455-2,SAN JUAN CAPISTRANO,45.63688777,45.63685511,100,45.63681477,SAN JUAN CAPISTRANO,SAN JUAN CAPISTRANO,9220.309393,0.4949604815283882
L03-455-3 (L03P37),LAGUNA NIGUEL,3.030775074,3.030724323,4.200759936,72.14698507,SAN JUAN CAPISTRANO,LAGUNA NIGUEL,9463.773977,0.03202501540469747
L03-455-3 (L03P37),MISSION VIEJO,43.30716458,43.30696036,60.02596233,72.14698507,SAN JUAN CAPISTRANO,MISSION VIEJO,11525.93439,0.3757366918344917
L03-455-3 (L03P37),SAN JUAN CAPISTRANO,25.80938429,25.80936582,35.77328003,72.14698507,SAN JUAN CAPISTRANO,SAN JUAN CAPISTRANO,9220.309393,0.27991885293561103
L03-455-5,LAGUNA NIGUEL,21.00817798,21.0078262,88.43637715,23.75471305,LAGUNA NIGUEL,LAGUNA NIGUEL,9463.773977,0.22198520411684172
L03-455-5,SAN JUAN CAPISTRANO,2.746910635,2.746908669,11.56362628,23.75471305,LAGUNA NIGUEL,SAN JUAN CAPISTRANO,9220.309393,0.02979195727515865
L03-455-6,LAGUNA NIGUEL,4.389004885,4.38893139,82.19683381,5.33953354,LAGUNA NIGUEL,LAGUNA NIGUEL,9463.773977,0.046376898853107515
L03-455-6,MISSION VIEJO,0.948617871,0.948613397,17.76583201,5.33953354,LAGUNA NIGUEL,MISSION VIEJO,11525.93439,0.008230290394703521
L03-455-6,SAN JUAN CAPISTRANO,0.00199281,0.001992809,0.037321744,5.33953354,LAGUNA NIGUEL,SAN JUAN CAPISTRANO,9220.309393,2.1613266052795674e-5
L03-455-7,LAGUNA NIGUEL,55.19767917,55.19675488,85.95696177,64.2143521,LAGUNA NIGUEL,LAGUNA NIGUEL,9463.773977,0.5832522977001355
L03-455-7,SAN JUAN CAPISTRANO,9.017660734,9.017654281,14.04303869,64.2143521,LAGUNA NIGUEL,SAN JUAN CAPISTRANO,9220.309393,0.09780214903467503
L03-497-1,LAGUNA NIGUEL,32.25454786,32.25400775,70.8605139,45.51756325,SAN JUAN CAPISTRANO,LAGUNA NIGUEL,9463.773977,0.3408211981645893
L03-497-1,SAN JUAN CAPISTRANO,13.26360578,13.26359628,29.13948729,45.51756325,SAN JUAN CAPISTRANO,SAN JUAN CAPISTRANO,9220.309393,0.14385206845737353
L03-662-1,MISSION VIEJO,86.29142751,86.2910206,100,86.29094428,MISSION VIEJO,MISSION VIEJO,11525.93439,0.7486718611279549
L03-662-3 (L03P16),MISSION VIEJO,436.6507695,436.6487105,100,436.64832448,MISSION VIEJO,MISSION VIEJO,11525.93439,3.788419703992433
L03-691-1 (L03P09),MISSION VIEJO,503.6028829,503.6005082,99.71740555,505.0272419,MISSION VIEJO,MISSION VIEJO,11525.93439,4.3693020093618635
L03-691-1 (L03P09),ORANGE CO,2.425579994,1.42718017,0.28259444,505.0272419,MISSION VIEJO,ORANGE CO,94761.16102,0.002559677369811947
L03-693-1 (L03P11),MISSION VIEJO,279.8136716,279.8123521,100,279.81210476,MISSION VIEJO,MISSION VIEJO,11525.93439,2.427687527379722
L03-708-1,LAGUNA HILLS,0.413672574,0.340188259,0.312130536,108.98900254,LAGUNA NIGUEL,LAGUNA HILLS,3498.38696,0.011824666016934847
L03-708-1,LAGUNA NIGUEL,108.650728,108.6489086,99.68786762,108.98900254,LAGUNA NIGUEL,LAGUNA NIGUEL,9463.773977,1.1480697686151005
L03-708-11 (L03P05),LAGUNA HILLS,206.3489796,169.6933866,98.82675596,171.70778799,LAGUNA NIGUEL,LAGUNA HILLS,3498.38696,5.898403520232651
L03-708-11 (L03P05),LAGUNA NIGUEL,2.014587167,2.014553432,1.173244193,171.70778799,LAGUNA NIGUEL,LAGUNA NIGUEL,9463.773977,0.021287355043517434
L03-708-13,MISSION VIEJO,64.06468701,64.06438492,100,64.06432828,LAGUNA NIGUEL,MISSION VIEJO,11525.93439,0.5558307451895881
L03-708-5,LAGUNA NIGUEL,22.56194151,22.5615637,78.20762138,28.84826742,LAGUNA NIGUEL,LAGUNA NIGUEL,9463.773977,0.2384032159351305
L03-708-5,MISSION VIEJO,6.286758685,6.28672904,21.792378,28.84826742,LAGUNA NIGUEL,MISSION VIEJO,11525.93439,0.05454446010428834
L04-266-1,MISSION VIEJO,54.28052152,54.28026556,100.0000001,54.2802175,MISSION VIEJO,MISSION VIEJO,11525.93439,0.47094248226065083
L04-266-5,MISSION VIEJO,577.8558118,577.853087,100,577.85257612,MISSION VIEJO,MISSION VIEJO,11525.93439,5.013526819147544
L04-301-1 (L04P08),MISSION VIEJO,191.8371533,191.8362487,100,191.83607914,MISSION VIEJO,MISSION VIEJO,11525.93439,1.664395673347226
L04-702-1 (L04P02),LAGUNA HILLS,102.5903767,84.36634137,99.99999962,84.3662671,MISSION VIEJO,LAGUNA HILLS,3498.38696,2.9325051194451057
L04-702-4,LAGUNA HILLS,257.0308796,211.3722128,56.399775,374.77459069,MISSION VIEJO,LAGUNA HILLS,3498.38696,7.347125476365256
L04-702-4,MISSION VIEJO,163.4034795,163.402709,43.60022493,374.77459069,MISSION VIEJO,MISSION VIEJO,11525.93439,1.4177026692236794
L05-489-3d,ORANGE CO,3280.7175,1930.332115,100,1930.33211516,ORANGE CO,ORANGE CO,94761.16102,3.462090865800581
LC01-11446-1,LAGUNA BEACH,70.28585872,70.20432721,39.36702966,178.33264473,LAGUNA BEACH,LAGUNA BEACH,5632.041056,1.247964246374272
LC01-11446-1,ORANGE CO,103.0376227,99.4413331,55.76166121,178.33264473,LAGUNA BEACH,ORANGE CO,94761.16102,0.10873402308594889
LC02-11508-3,LAGUNA BEACH,45.48455664,45.43179461,14.21275699,319.65476129,LAGUNA BEACH,LAGUNA BEACH,5632.041056,0.8076034280954646
LC02-11508-3,ORANGE CO,284.0413333,274.2232488,85.78724286,319.65476129,LAGUNA BEACH,ORANGE CO,94761.16102,0.29974446307179703
LC05-11017-1,LAGUNA BEACH,63.95740001,63.88320951,100,63.88315303,LAGUNA BEACH,LAGUNA BEACH,5632.041056,1.1355989662373656
LC06-11019-1,LAGUNA BEACH,54.568486300000004,54.50518693,89.62558449,60.81426308,LAGUNA BEACH,LAGUNA BEACH,5632.041056,0.9688936170283488
LC06-11019-1,ORANGE CO,6.130041249,5.918152147,9.731511351,60.81426308,LAGUNA BEACH,ORANGE CO,94761.16102,0.006468938521876291
LC06-11509-2,LAGUNA BEACH,32.91024355,32.87206771,63.38208068,51.8633,LAGUNA BEACH,LAGUNA BEACH,5632.041056,0.5843395533301311
LC06-11509-2,ORANGE CO,19.67122819,18.99127863,36.61792026,51.8633,LAGUNA BEACH,ORANGE CO,94761.16102,0.02075874543775192
M00.1-071-2 (M00S04),SAN CLEMENTE,416.8617567,416.8599777,100.0000001,416.85960898,SAN CLEMENTE,SAN CLEMENTE,11739.01617,3.5510791591319526
M00.2-066-1 (M00S07),SAN CLEMENTE,136.3225827,136.3220009,99.98882995,136.33710933,SAN CLEMENTE,SAN CLEMENTE,11739.01617,1.1612777487127355
M01-042-1 (M01S01),SAN CLEMENTE,195.6526345,195.6517995,100,195.65162657,SAN CLEMENTE,SAN CLEMENTE,11739.01617,1.6666868131590622
M01-047-1,SAN CLEMENTE,719.3850246,719.3819547,100,719.38131871,SAN CLEMENTE,SAN CLEMENTE,11739.01617,6.128154303411271
M01-050-4,SAN CLEMENTE,105.088838,105.0883895,100,105.0882966,SAN CLEMENTE,SAN CLEMENTE,11739.01617,0.8952099262676115
M02-061-4 (SCBS@M02),SAN CLEMENTE,90.38210489,90.38171919,100,90.38163929,SAN CLEMENTE,SAN CLEMENTE,11739.01617,0.7699291284816416
M02-061-5,SAN CLEMENTE,3.750511178,3.750495173,100,3.75049186,SAN CLEMENTE,SAN CLEMENTE,11739.01617,0.03194910990568982
M02-061-6,SAN CLEMENTE,40.96354312,40.96336831,100,40.9633321,SAN CLEMENTE,SAN CLEMENTE,11739.01617,0.3489520972352489
SC01-077-1,SAN CLEMENTE,48.74975391,48.74954587,100,48.74950277,SAN CLEMENTE,SAN CLEMENTE,11739.01617,0.41527972364995897
SC03-067-1,SAN CLEMENTE,174.6365117,174.6357665,99.95606465,174.71237258,SAN CLEMENTE,SAN CLEMENTE,11739.01617,1.4876588393011814
SC05-073-1,SAN CLEMENTE,124.4371389,124.4366079,100.0000016,124.43649592,SAN CLEMENTE,SAN CLEMENTE,11739.01617,1.0600303900935848
SC05-073-3,SAN CLEMENTE,30.16711605,30.16698731,100,30.16696063,SAN CLEMENTE,SAN CLEMENTE,11739.01617,0.25698163809582686
SC06-146-1 (M00P02),SAN CLEMENTE,26.41312865,26.41301593,100.0000005,26.41299244,SAN CLEMENTE,SAN CLEMENTE,11739.01617,0.22500291564041688
SC06-146-2 (M00P02),SAN CLEMENTE,325.8031401,325.8017498,99.99837363,325.80676057,SAN CLEMENTE,SAN CLEMENTE,11739.01617,2.7753870970262065
SC07-079-4,SAN CLEMENTE,1.06690603,1.066901477,100,1.06690053,SAN CLEMENTE,SAN CLEMENTE,11739.01617,0.009088547238963383
SC07-079-5,SAN CLEMENTE,29.94620981,29.94608202,100,29.94605554,SAN CLEMENTE,SAN CLEMENTE,11739.01617,0.2550998258825978
SC11-026-1 (M00P01),DANA POINT,204.8068744,204.7901206,67.05890861,305.38811884,DANA POINT,DANA POINT,4071.560352,5.0301814708308665
SC11-026-1 (M00P01),SAN CLEMENTE,95.73170078,95.73129226,31.34739098,305.38811884,DANA POINT,SAN CLEMENTE,11739.01617,0.8155002037108531
SC11-026-1 (M00P01),SAN JUAN CAPISTRANO,4.866979191,4.866975708,1.593700313,305.38811884,DANA POINT,SAN JUAN CAPISTRANO,9220.309393,0.05278542165510173
SC12-068-2,SAN CLEMENTE,81.31517525,81.31482824,100,81.31475636,SAN CLEMENTE,SAN CLEMENTE,11739.01617,0.6926915686325354
SC12-068-4,SAN CLEMENTE,16.1296287,16.12955987,99.98312968,16.13226718,SAN CLEMENTE,SAN CLEMENTE,11739.01617,0.1374018782018596
SM01-086-1 (M03P01),ORANGE CO,0.66942196,0.393879298,0.179452607,219.4891214,SAN CLEMENTE,ORANGE CO,94761.16102,7.06430728364244e-4
SM01-086-1 (M03P01),SAN CLEMENTE,219.096371,219.095436,99.82054733,219.4891214,SAN CLEMENTE,SAN CLEMENTE,11739.01617,1.866394660567198
DP01-12022-1,DANA POINT,9.148067205,NA,100,9.2397028,DANA POINT,DANA POINT,4071.560352,0.22468209762643845
DP01-12022-2,DANA POINT,10.18129204,NA,100,10.1813334,DANA POINT,DANA POINT,4071.560352,0.25005872834474446
I00-11518-2,LAGUNA BEACH,759.5615201,NA,97.24533026,782.41333526,LAGUNA BEACH,LAGUNA BEACH,5632.041056,13.486434359188735
I00-11518-2,ORANGE CO,21.51610909,NA,2.754669739,782.41333526,LAGUNA BEACH,ORANGE CO,94761.16102,0.022705619959066222
I01-11015-3,LAGUNA BEACH,21.28293124,NA,8.740248724,243.5058443,LAGUNA BEACH,LAGUNA BEACH,5632.041056,0.37789020052200417
I01-11015-3,ORANGE CO,222.2219382,NA,91.25975128,243.5058443,LAGUNA BEACH,ORANGE CO,94761.16102,0.23450740346363902
I01-11059-3,LAGUNA BEACH,9.287752741,NA,100,9.2877892,LAGUNA BEACH,LAGUNA BEACH,5632.041056,0.16490918032469684
I01-11065-1,LAGUNA BEACH,36.65556731,NA,100,36.65571358,LAGUNA BEACH,LAGUNA BEACH,5632.041056,0.650839845546751
I01-11077-2,LAGUNA BEACH,181.9165809,NA,95.28316578,190.92282364,LAGUNA BEACH,LAGUNA BEACH,5632.041056,3.230029381731837
I01-11077-2,ORANGE CO,9.005476956,NA,4.716834219,190.92282364,LAGUNA BEACH,ORANGE CO,94761.16102,0.009503341726785443
I01-11195-2,ALISO VIEJO,571.7296731,NA,67.55201652,893.93958748,ALISO VIEJO,ALISO VIEJO,4298.475849,13.300753410839972
I01-11195-2,LAGUNA BEACH,76.35131436,NA,9.021195665,893.93958748,ALISO VIEJO,LAGUNA BEACH,5632.041056,1.3556597617245778
I01-11195-2,LAGUNA WOODS,198.2737219,NA,23.42678782,893.93958748,ALISO VIEJO,LAGUNA WOODS,756.0075789,26.226419871146085
I01-11503-5,LAGUNA BEACH,27.07874871,NA,100,27.07885653,ALISO VIEJO,LAGUNA BEACH,5632.041056,0.48079814122008413
J03-9216-5,LAGUNA NIGUEL,28.26647425,NA,100,28.2665925,LAGUNA NIGUEL,LAGUNA NIGUEL,9463.773977,0.2986807833608091
J05-9271-6,LAGUNA HILLS,19.45134368,NA,100,19.45142187,LAGUNA HILLS,LAGUNA HILLS,3498.38696,0.5560089236097542
J07-9022-6,MISSION VIEJO,46.75854569,NA,100,46.75873272,MISSION VIEJO,MISSION VIEJO,11525.93439,0.40568117176311635
J07-9109-1,LAKE FOREST,3.865737614,NA,7.28655147,53.053259,MISSION VIEJO,LAKE FOREST,3303.943395,0.11700374830422905
J07-9109-1,MISSION VIEJO,49.18730991,NA,92.71344853,53.053259,MISSION VIEJO,MISSION VIEJO,11525.93439,0.4267533394314247
K01-12159-2,DANA POINT,684.2300716,NA,100,684.2328312,DANA POINT,DANA POINT,4071.560352,16.805106947853492
K01-12159-3,DANA POINT,14.14670255,NA,100,14.14675868,DANA POINT,DANA POINT,4071.560352,0.3474516236275601
L01-303-1,ORANGE CO,208.6117174,NA,100,208.61255425,ORANGE CO,ORANGE CO,94761.16102,0.22014474617504004
L01-303-2,ORANGE CO,71.22908839,NA,100,71.22937253,ORANGE CO,ORANGE CO,94761.16102,0.0751669646332917
L01-303-3,ORANGE CO,148.7886767,NA,100,148.78927217,ORANGE CO,ORANGE CO,94761.16102,0.1570144087498011
L01-303-4,ORANGE CO,76.18548369,NA,99.84362096,76.30511429,ORANGE CO,ORANGE CO,94761.16102,0.08039737258381682
L01-303-4,RANCHO SANTA MARGARITA,0.11932473,NA,0.156379044,76.30511429,ORANGE CO,RANCHO SANTA MARGARITA,8280.210526,0.0014410832867753584
L01-303-5,ORANGE CO,198.3284421,NA,99.92029248,198.48744503,ORANGE CO,ORANGE CO,94761.16102,0.2092929634517051
L01-303-5,RANCHO SANTA MARGARITA,0.15820878,NA,0.079707517,198.48744503,ORANGE CO,RANCHO SANTA MARGARITA,8280.210526,0.0019106854771774432
L01-335-2,ORANGE CO,437.9890957,NA,27.37365781,1600.04501943,ORANGE CO,ORANGE CO,94761.16102,0.4622031758428534
L01-335-2,RANCHO SANTA MARGARITA,1162.049521,NA,72.62634219,1600.04501943,ORANGE CO,RANCHO SANTA MARGARITA,8280.210526,14.034057677049935
L01-399-1,ORANGE CO,205.3777997,NA,100,205.37862143,ORANGE CO,ORANGE CO,94761.16102,0.21673204242047395
L01-399-2,ORANGE CO,205.3777997,NA,100,205.37862143,ORANGE CO,ORANGE CO,94761.16102,0.21673204242047395
L01-404-1,ORANGE CO,191.1556718,NA,100,191.15643697,ORANGE CO,ORANGE CO,94761.16102,0.20172364895324071
L01-404-2,ORANGE CO,124.6947724,NA,100,124.69527201,ORANGE CO,ORANGE CO,94761.16102,0.13158848103779808
L01-517-2,ORANGE CO,149.4912581,NA,90.52370776,165.141113,SAN JUAN CAPISTRANO,ORANGE CO,94761.16102,0.15775583212667565
L01-517-2,SAN JUAN CAPISTRANO,15.64919162,NA,9.476292237,165.141113,SAN JUAN CAPISTRANO,SAN JUAN CAPISTRANO,9220.309393,0.16972523321051208
L01-517-8,ORANGE CO,441.5236531,NA,84.27658391,523.90047322,SAN JUAN CAPISTRANO,ORANGE CO,94761.16102,0.465933140062323
L01-517-8,SAN JUAN CAPISTRANO,82.37472129,NA,15.72341609,523.90047322,SAN JUAN CAPISTRANO,SAN JUAN CAPISTRANO,9220.309393,0.8934051752378109
L01-728-8d,DANA POINT,45.07418321,NA,100,45.14058185,DANA POINT,DANA POINT,4071.560352,1.1070493696073795
L01-728-9,DANA POINT,42.81494981,NA,100,42.81511441,DANA POINT,DANA POINT,4071.560352,1.0515612224431052
L01-733-5,ORANGE CO,50.68715888,NA,100,50.68736136,ORANGE CO,ORANGE CO,94761.16102,0.053489381445318215
L01-733-7,ORANGE CO,196.2797929,NA,99.76026998,196.75225252,ORANGE CO,ORANGE CO,94761.16102,0.20713105536832097
L01-733-7,RANCHO SANTA MARGARITA,0.471672318,NA,0.239730015,196.75225252,ORANGE CO,RANCHO SANTA MARGARITA,8280.210526,0.005696380744413937
L01-748-2,SAN JUAN CAPISTRANO,119.092264,NA,100,119.09274091,SAN JUAN CAPISTRANO,SAN JUAN CAPISTRANO,9220.309393,1.2916298024707726
L01-749-2d,SAN JUAN CAPISTRANO,41.92998749,NA,100,41.93015449,SAN JUAN CAPISTRANO,SAN JUAN CAPISTRANO,9220.309393,0.4547568384400743
L01-749-5,ORANGE CO,32.43274957,NA,17.54633336,184.84134833,SAN JUAN CAPISTRANO,ORANGE CO,94761.16102,0.03422578324378576
L01-749-5,SAN JUAN CAPISTRANO,152.4078601,NA,82.45366664,184.84134833,SAN JUAN CAPISTRANO,SAN JUAN CAPISTRANO,9220.309393,1.6529581991652802
L01-766-8,SAN JUAN CAPISTRANO,56.73293186,NA,100,56.73316038,SAN JUAN CAPISTRANO,SAN JUAN CAPISTRANO,9220.309393,0.615303992977408
L01-766-9,SAN JUAN CAPISTRANO,395.9774041,NA,100,395.97898673,SAN JUAN CAPISTRANO,SAN JUAN CAPISTRANO,9220.309393,4.294621657713824
L02-198-1 (L02P29),RANCHO SANTA MARGARITA,37.76735963,NA,100,37.76751123,RANCHO SANTA MARGARITA,RANCHO SANTA MARGARITA,8280.210526,0.45611593463004174
L02-344-2,ORANGE CO,177.2103476,NA,99.3789939,178.31842904,ORANGE CO,ORANGE CO,94761.16102,0.1870073621856517
L02-344-2,RANCHO SANTA MARGARITA,1.107363869,NA,0.621006102,178.31842904,ORANGE CO,RANCHO SANTA MARGARITA,8280.210526,0.01337361973494344
L02-502-5,SAN JUAN CAPISTRANO,12.86701707,NA,100,12.86706665,SAN JUAN CAPISTRANO,SAN JUAN CAPISTRANO,9220.309393,0.1395508168063054
L03-418-2,LAGUNA NIGUEL,6.637833775,NA,100,6.63786054,LAGUNA NIGUEL,LAGUNA NIGUEL,9463.773977,0.07013939461288975
L03-708-9,LAGUNA HILLS,18.87339949,NA,97.27382567,19.40242061,LAGUNA NIGUEL,LAGUNA HILLS,3498.38696,0.5394886187776095
L03-708-9,LAGUNA NIGUEL,0.528941644,NA,2.726174334,19.40242061,LAGUNA NIGUEL,LAGUNA NIGUEL,9463.773977,0.00558911957624408
L05-503-1,SAN JUAN CAPISTRANO,126.0812136,NA,100,126.08171889,SAN JUAN CAPISTRANO,SAN JUAN CAPISTRANO,9220.309393,1.3674293152865353
LC01-11480-1,LAGUNA BEACH,0.787804639,NA,0.036562272,2279.51704167,ORANGE CO,LAGUNA BEACH,5632.041056,0.013987906536312012
LC01-11480-1,NEWPORT BEACH,86.0457645,NA,3.993412134,2279.51704167,ORANGE CO,NEWPORT BEACH,NA,NA
LC01-11480-1,ORANGE CO,2067.85925,NA,95.97002559,2279.51704167,ORANGE CO,ORANGE CO,94761.16102,2.1821801545504114
LC02-11508-2,LAGUNA BEACH,45.70752091,NA,95.183114990000007,49.73082373,LAGUNA BEACH,LAGUNA BEACH,5632.041056,0.8115622818712633
LC02-11508-2,ORANGE CO,2.313097995,NA,4.816885013,49.73082373,LAGUNA BEACH,ORANGE CO,94761.16102,0.0024409768412522984
LC03-11515-1,LAGUNA BEACH,228.9015481,NA,97.76392429,234.1722155,LAGUNA BEACH,LAGUNA BEACH,5632.041056,4.064273428123249
LC03-11515-1,ORANGE CO,5.23548124,NA,2.23607571,234.1722155,LAGUNA BEACH,ORANGE CO,94761.16102,0.0055249230630416354
LC04-11199-1,LAGUNA BEACH,186.7749478,NA,93.65540542,200.34928223,LAGUNA BEACH,LAGUNA BEACH,5632.041056,3.3162923697266455
LC04-11199-1,ORANGE CO,12.65288764,NA,6.344594579,200.34928223,LAGUNA BEACH,ORANGE CO,94761.16102,0.013352398286181318
LC05-11017-2,LAGUNA BEACH,26.38724242,NA,100,26.38805747,LAGUNA BEACH,LAGUNA BEACH,5632.041056,0.4685200650639575
M01-002-1,ORANGE CO,307.2319472,NA,100,307.23317417,ORANGE CO,ORANGE CO,94761.16102,0.3242171622772293
M01-003-1,ORANGE CO,551.3021391,NA,88.73418046,621.29881074,ORANGE CO,ORANGE CO,94761.16102,0.5817806928132125
M01-003-1,SAN JUAN CAPISTRANO,69.99411477,NA,11.26581954,621.29881074,ORANGE CO,SAN JUAN CAPISTRANO,9220.309393,0.7591297839000836
M01-003-2,ORANGE CO,551.3021391,NA,88.73418046,621.29881074,ORANGE CO,ORANGE CO,94761.16102,0.5817806928132125
M01-003-2,SAN JUAN CAPISTRANO,69.99411477,NA,11.26581954,621.29881074,ORANGE CO,SAN JUAN CAPISTRANO,9220.309393,0.7591297839000836
M01-038-3,SAN CLEMENTE,100.2191723,NA,100,100.21957547,SAN CLEMENTE,SAN CLEMENTE,11739.01617,0.8537271850439916
M01-038-6,SAN CLEMENTE,67.6061164,NA,99.12276189,68.20470442,SAN CLEMENTE,SAN CLEMENTE,11739.01617,0.5759095602302079
M01-038-6,SAN JUAN CAPISTRANO,0.598315266,NA,0.877238108,68.20470442,SAN CLEMENTE,SAN JUAN CAPISTRANO,9220.309393,0.006489101834849892
M01-050-7,SAN CLEMENTE,1.697028167,NA,100,1.69703522,SAN CLEMENTE,SAN CLEMENTE,11739.01617,0.014456306579906517
M01-099-1,SAN CLEMENTE,30.77984762,NA,100,30.7799703,SAN CLEMENTE,SAN CLEMENTE,11739.01617,0.2622012541277554
M01-124-2,SAN CLEMENTE,87.53939383,NA,100,87.5397431,SAN CLEMENTE,SAN CLEMENTE,11739.01617,0.7457132059645165
M01-168-1d (M00P03),DANA POINT,4.604170344,NA,100,4.60906581,DANA POINT,DANA POINT,4071.560352,0.11308122552422378
M01-168-2d (M00P03),DANA POINT,14.60921864,NA,50.64682722,28.85196601,DANA POINT,DANA POINT,4071.560352,0.35881130026290226
M01-168-2d (M00P03),SAN CLEMENTE,14.23606041,NA,49.35317278,28.85196601,DANA POINT,SAN CLEMENTE,11739.01617,0.12127132464798368
SC01-077-2,SAN CLEMENTE,114.8346688,NA,100,117.56937491,SAN CLEMENTE,SAN CLEMENTE,11739.01617,0.9782307745130229
SC02-072-4,SAN CLEMENTE,154.0669571,NA,100,156.08087792,SAN CLEMENTE,SAN CLEMENTE,11739.01617,1.3124350019529787
SC09-081-2d,SAN CLEMENTE,176.1715571,NA,100,176.24471508,SAN CLEMENTE,SAN CLEMENTE,11739.01617,1.5007352792495556
SC10-075-1d (M00P05),DANA POINT,79.8104964,NA,96.47032832,82.77793466,DANA POINT,DANA POINT,4071.560352,1.9601943603954224
SC10-075-1d (M00P05),SAN CLEMENTE,2.920119104,NA,3.529671677,82.77793466,DANA POINT,SAN CLEMENTE,11739.01617,0.024875330791881853
SC10-075-3 (M00S01),DANA POINT,134.8689877,NA,49.99993352,269.82889988,DANA POINT,DANA POINT,4071.560352,3.3124644126606326
SC10-075-3 (M00S01),SAN CLEMENTE,134.8693464,NA,50.00006648,269.82889988,DANA POINT,SAN CLEMENTE,11739.01617,1.1488982078810783
SC11-035-1d,DANA POINT,10.52355402,NA,100,10.82401554,DANA POINT,DANA POINT,4071.560352,0.25846489085764635
SC11-035-2d,DANA POINT,5.15458083,NA,100,5.1812756,DANA POINT,DANA POINT,4071.560352,0.12659964201360804
SC11-035-3d,DANA POINT,11.19369006,NA,100,11.19373032,DANA POINT,DANA POINT,4071.560352,0.2749238398124572
SC11-130-2,DANA POINT,115.3171569,NA,100,115.99106334,DANA POINT,DANA POINT,4071.560352,2.8322595499132124
SM01-086-2,ORANGE CO,29.11997291,NA,9.418299846,309.18626568,SAN CLEMENTE,ORANGE CO,94761.16102,0.030729860838085373
SM01-086-2,SAN CLEMENTE,280.065054,NA,90.58170015,309.18626568,SAN CLEMENTE,SAN CLEMENTE,11739.01617,2.385762571106502
